"id","deck_url","deck_name","deck_ink1","deck_ink2","card_composite_hash","starter_pack","deck_complete"
26,,,4,6,qgqYxGrCRZPhlbJfuQuh-w==,false,true
3,,,2,6,GhsMkKWJfdi_KVoBxQ91LA==,false,true
4,,,4,5,"4tU8wioGSxDTtwSuwFJgCg==",false,true
38,,,4,2,fU9sThdrSlxEjJtkrRQVvg==,false,true
5,,,1,3,bTP3f99n8t3mIbs6W6upTg==,false,true
39,,,3,2,CX6G3jAvMYnVzqAiXsPJFQ==,false,true
6,,,1,3,e6e7K6zu1iuYL5SqFeG8dQ==,false,true
7,,,6,3,U4Kaytk_AbNitZDhHSvqig==,false,true
62,,,6,2,eB048t4bNN-fqLpC8778cg==,false,true
8,,,3,2,mUpRazkahko2bVwsVDfyhQ==,false,true
40,,,6,5,pON7UkHoBvoTitbK9e2sRA==,false,true
9,,,2,5,kwvSjRW579Ar72gpMI48RQ==,false,true
10,,,6,2,K57ZrRkLfqn24i3ZZHYHhw==,false,true
11,,,4,3,ZNwTMtishzGIys7_odzkpQ==,false,true
12,,,1,3,rRD6kjYcjtvp7fLz5Tu4zQ==,false,true
13,,,2,5,P44ZmN4gjWdU-AxIrU4hxA==,false,true
77,,,6,4,Uvi4svvseAhIK4_NNwzq7Q==,false,true
14,,,6,5,HSofZjFgcx1XTkpZvKAnGg==,false,true
42,,,5,6,MmSje0svPNdGh6U8P9e9xA==,false,true
15,,,5,1,WyyYPYlT0ng6pNIE6F8MHg==,false,true
16,,,6,1,F8tSy7McLwGhGxm7rfC_dA==,false,true
63,,,3,2,OPDnm8xsChv6yNPVV_zX2Q==,false,true
17,,,6,4,h0uxH-j8Dfe1kDO7O-FNWg==,false,true
43,,,5,4,wYTPzcrv2Y-SNSYJ0i395w==,false,true
18,,,4,3,o6kLJSOMYShSnXU2aib8eQ==,false,true
19,,,4,2,NIagWcafsTk2CX_nvQWOfg==,false,true
20,,,2,6,SVtCjgG259qKFIHtbLDYow==,false,true
44,,,6,2,k7J7lUjEEkFaP6QOALdCWg==,false,true
21,,,2,1,"3IHufH-CcA3k9NeOt8RuWA==",false,true
22,,,4,2,efx6hhgpsxg96BkOTnBHeA==,false,true
23,,,6,1,Htie9gFdghHkfHALnwQfVQ==,false,true
45,,,3,1,KTlKd4UzLF-tsURdGKcnKQ==,false,true
24,,,4,5,oxb3SeJZ8eGGwdNTW53sLg==,false,true
41,,,3,6,zUpO5F7Qz56_Kr2qyIZGpw==,false,true
64,,,1,3,"67WGhC2woX72cnInJCdYPQ==",false,true
49,,,4,5,lk9yee-jF05bqG9F6Nzaog==,false,true
46,,,5,3,CQd94Kf6JU6IFMLTW9BabA==,false,true
27,,,4,1,h1VfyZ29VEB0mbyYo2ehOg==,false,true
28,,,6,4,jZAw3KlUzJW6oBiPPN8_2w==,false,true
29,,,4,1,mH5KnG6Tt13euEEmuNDfyA==,false,true
47,,,4,1,"1t-kvu2tNf1scfdG8Smoaw==",false,true
30,,,2,1,BlwLenBAY1BRGHAP9WdEFA==,false,true
31,,,2,3,Rk4sRFbA5JNPGfJqy4rvWQ==,false,true
87,,,6,1,eksNuUDHqj_Byn1lUeQa1g==,false,true
32,,,6,1,"2QjGbZv5IRcOu4UV0Sui6w==",false,true
48,,,1,3,K5V8-eR9bNJ7ke9orpmP1w==,false,true
33,,,2,5,"0PrvYPbwD2MKEQVDEij-hA==",false,true
34,,,6,5,sKbaUhOxDRcipa-D6_fZhw==,false,true
65,,,4,6,RD6WuVXRQstrxVB2IbcwIg==,false,true
35,,,6,2,yuQmo3eZftwUrCgtaaxJ0Q==,false,true
25,,,4,3,Y15MKylJOnVtbtRNYvWe0g==,false,true
36,,,3,2,QaJhxPTs_ykX5SK3TN9U4A==,false,true
37,,,2,5,bCGjdzc16Kuz1SefYPs20w==,false,true
78,,,2,6,ZACIQpqNN3lbwOr4eQyDmw==,false,true
50,,,4,2,EWQcLB3V-lrr13y6sjf6zQ==,false,true
66,,,6,5,otBThFTKHqcDL3sYnS_Bnw==,false,true
51,,,5,3,haaWviCGUbpx8hd1DXgCnQ==,false,true
52,,,6,1,"8PqcJxyXcyhjEa44DJxmmw==",false,true
53,,,1,3,"2fH0yTBlL6LbS3ugRDAFZg==",false,true
67,,,4,2,AqbSQAIiCCwgOBWcSjSWHA==,false,true
54,,,6,3,GQwLHS9q21q3J9Ssz1Q2Ng==,false,true
55,,,3,5,"91JPU8AkbHJ7KqjLKCdvcg==",false,true
56,,,2,3,Qlzg9d3b2xIuTUkAtXz_aA==,false,true
68,,,6,4,k1_2Dsi2Dmgj8-V65LgMcw==,false,true
57,,,1,3,rU2HHThw0BlDb7vY49z6fQ==,false,true
58,,,1,5,oYOW1Kl1Et5ywRTi2MP42Q==,false,true
79,,,5,3,V0vQB6XH4QirF8ZGW14U6A==,false,true
59,,,1,2,"71FadKjS3DJWmWZV6rhltg==",false,true
69,,,4,5,qSmlTBh7t8GiNi8t9oX7Ig==,false,true
60,,,3,2,J8m2vKveWOkCZULn6-eePA==,false,true
61,,,6,1,smr3DQM2VK_JgipmS5TAXA==,false,true
70,,,3,6,wpL3RQoTrGjpWmpRfGdeiQ==,false,true
93,,,6,2,WjTVwgndmNeBH-GdAE8GbQ==,false,true
71,,,4,5,bMdijaceXIhVedvONqOWAg==,false,true
80,,,1,6,bEF2Cc20ZjVidLnNoz1Caw==,false,true
72,,,3,2,R8vgSK6KIAQ6du9MKIdFow==,false,true
73,,,6,2,X7Fnat6LnYwplNGcl9DHjA==,false,true
88,,,2,5,bOL2ve2YXABXvbmdJq7QBA==,false,true
74,,,1,5,wERdgvIELN2qYJx4HHapmg==,false,true
81,,,3,2,AJj9TTH7h1vXo_7uma20vg==,false,true
75,,,2,1,JLixcTifQFdoONu-DAY2hQ==,false,true
76,,,6,1,Exr0rf7aAS4jpXUDL_Hx3Q==,false,true
82,,,2,3,wo7xHfsEf0F9aB7HT4QTAw==,false,true
83,,,3,1,"9wXs4F5gFLRfNJaZhkXR2g==",false,true
89,,,5,2,yRGeEl1wyd0HdhiL_QNAWw==,false,true
84,,,4,5,shAON4tneRm3xwKqKPfWQw==,false,true
85,,,4,2,rVO46-ucTAfcbEX3jySecw==,false,true
97,,,4,5,PNcFVj85Fk8vmb19aKoo3Q==,false,true
86,,,2,5,-YJs1RjIky9PzYMyTh8B3A==,false,true
90,,,1,3,US3ItIbTTMInw35g5jAwjA==,false,true
94,,,1,3,JRoyS4OjSayPM8VMSLs3AA==,false,true
91,,,6,1,ntqBnr7-4bg0TLXBRJCF4Q==,false,true
92,,,2,1,YdUAWPIaYAJjdqhYDTj3gg==,false,true
95,,,6,2,shoxjK_XqvY_r-ICTYTCOw==,false,true
100,,,6,3,OUh70wEK3CFtR3t-dj1Y_Q==,false,true
96,,,3,2,SZz7k24hzGDyg3ccKbM55g==,false,true
98,,,4,6,"2Q6T6X_bMW1tTxrb0ZuGcg==",false,true
99,,,5,6,JNJTS3JrGEPpe2IV-QVaRA==,false,true
102,,,4,5,w4mwE1vawwD-696sDoJw9g==,false,true
101,,,1,4,V4zCrtjzH9KJIHIGeMJN0w==,false,true
103,,,5,1,SWvHKaI6Z4TN4-moePgjdg==,false,true
104,,,3,2,G9YqWFBrr6a2i2QwSdkT2Q==,false,true
105,,,4,5,"1ORNBorx3cq19YZpl-IfOw==",false,true
106,,,1,2,QZ6vMQ2kgvGdNizUNSqJGw==,false,true
107,,,4,6,cOlCUW29eLg-PqeXamf0pg==,false,true
108,,,1,6,nQlHbNljPY1pcmm1UPVpyw==,false,true
109,,,6,3,VFgsZEtwHz7vLtJ-4I8f2w==,false,true
110,,,1,6,iSSAYTXW2AIzam9JR55jZw==,false,true
111,,,6,5,pZkYCJrQmc5me7k50I22Gw==,false,true
112,,,4,3,bAKxz5FNu9YxGSpk3ONVeA==,false,true
113,,,2,5,DhoZmYLoKphwBKIsKK2aDw==,false,true
114,,,6,3,"0_iE_nuc8l84tAO6uDsO3w==",false,true
205,,,4,1,oauqVYJKgqfAkZyLuEDMEg==,false,true
115,,,4,2,"6BhvYym0kLHPScp7nPboCw==",false,true
151,,,5,1,H1jT_mDenzea-ZvrbtfpLQ==,false,true
116,,,6,5,VlwdZhKbD7dpxvWEPumABA==,false,true
117,,,1,2,mIN62DejsNydPtevoMtzQQ==,false,true
174,,,4,2,"9sVmzEFIVIqWcNJAI3MLqA==",false,true
118,,,4,3,"2oMqzf2d4w_jZt902uG4Bg==",false,true
152,,,1,6,DtL8x1NjLPqISNGt7QAaVg==,false,true
119,,,5,3,_XKZtCrtg8eL5f2a885z5g==,false,true
120,,,5,3,KMZPRcRNvolcNA6ZkcM-cg==,false,true
121,,,4,3,BPhcf9U3ChlKeuOosY2e4Q==,false,true
153,,,1,3,"76psZnuwybrBScPPFnJf_w==",false,true
122,,,6,5,V6H9Cp8EW8lP6LBfaYdKeQ==,false,true
123,,,1,3,IysM6OPKtqTptcCa1D522A==,false,true
189,,,6,5,Ftd_E7F9kIF6OKg3pQfU_Q==,false,true
124,,,6,4,"7Uy3GXNTul0RkxksYA01TQ==",false,true
154,,,2,5,rKG-PcBgyoSglUn1rw_Zng==,false,true
125,,,4,5,Og0aNIixRVMsgboJu1zvTA==,false,true
126,,,6,5,"4jyy_3hjD5_nyPALXAcf5g==",false,true
175,,,6,1,"2Yr6o9atK94DgJ3lEIeXAQ==",false,true
127,,,2,5,"9Wj8CdHhwWCR8fB_sIOBRA==",false,true
155,,,6,5,iDc9zI2S9l8gJ8_mBaVtnw==,false,true
128,,,6,5,TXGj4MGUKUIpUzWcyCQ0-A==,false,true
129,,,6,2,HT0vYHFVL9m9mEoa0obVCA==,false,true
130,,,4,2,kIrrQQcT4DCcXszNUna4yg==,false,true
156,,,4,3,q14NIXRMBvmVGoaBruPxYA==,false,true
131,,,6,2,PUAcGUo-P8A2rjsp8EsrFw==,false,true
132,,,4,3,CCKV3hf-bv4PCSgskHOokg==,false,true
133,,,6,5,iO_EFX_Ub6t8im1m2cR77w==,false,true
157,,,4,2,nu4VSbeaGToxXseabuuMaQ==,false,true
134,,,4,1,hsiUWpaeBK4Bq3h_hXI-KQ==,false,true
135,,,6,3,KoQ6LOcTRLXZyRgIqclQQg==,false,true
176,,,6,5,PlAa7SY-mBDP-_ixFA2pgg==,false,true
136,,,2,5,w6u0Lyi6_5vXmGtew0fLiA==,false,true
158,,,3,2,Bk1LA5925za7WDglYaxo_A==,false,true
137,,,5,4,"9wlG6orD3zAntnozhGuSeA==",false,true
138,,,1,3,nx-EfBcS4g2gCwp46PL8WA==,false,true
139,,,6,2,SmtvFkhL1DrekvLTZtoDPw==,false,true
159,,,3,2,obqB0Jy3r9-4qrEy7Uf3RQ==,false,true
140,,,1,3,HJ79KZb9jVs_rfsVqQh-2g==,false,true
141,,,5,3,cGFml7sW_MGu01wwbc2M3Q==,false,true
199,,,2,6,"3W_60mQeHT8EpNE3I8YfIQ==",false,true
142,,,2,1,aF07ghNIXEu_-Xi9WEZq6w==,false,true
160,,,6,1,hFnP6MCNpoU10iil4v8rRA==,false,true
143,,,3,2,HZuSp5EHzC2J1lt9OdD2Tg==,false,true
191,,,2,5,ERrwbl-ZQbHy6KhGx8fJ4A==,false,true
177,,,1,3,mBPzbIuQyRr2iFX76blU0w==,false,true
145,,,2,5,mY3y92uCdlHe-7i9Gdna2A==,false,true
161,,,4,5,"9DO7O25it76keIZ9ANkl0Q==",false,true
146,,,6,3,iLL8xny-rZgq_s50MqeKFQ==,false,true
147,,,6,3,okeO553UNbXiGkPLxf3N0Q==,false,true
148,,,1,4,yPm1qq3G1Sde2Uev_9U_Cg==,false,true
162,,,4,2,hIEh8yAVtvkJrqtGdzMtrA==,false,true
149,,,4,2,v_BVn-cAbPyqHMDVcVdYig==,false,true
150,,,4,5,L69s6rL5pphhIE7gbygUWQ==,false,true
190,,,6,1,gKieNjmDe-vcG4-KrYp1bg==,false,true
163,,,4,3,oy5SIk--rq236uXWoY68tw==,false,true
178,,,5,1,XWZ0RWGoAGSBav9rofMdWw==,false,true
164,,,5,6,I5tEfl4OiMeR39yQRJs07A==,false,true
165,,,6,3,NRjBl8ZfusYIRpPtDiaouw==,false,true
166,,,6,2,"8WDUi3Z76dFDUsxBO8wTww==",false,true
179,,,6,2,pYsZ9ZLdkcmkd2HyaYtH8w==,false,true
167,,,2,6,Z6BJy3taVABHqHLZXcmZmA==,false,true
168,,,6,3,iJrOZRgUhMnrjwhSQ3T-pw==,false,true
169,,,3,5,w27zRPGX9MUrojOQCqdn4A==,false,true
180,,,2,4,AkR0g7B2nAVxMtNg7q6-Dg==,false,true
170,,,1,3,CfZtGs6NSsnggdlznb2XLw==,false,true
171,,,4,1,t3TjPJT1p1QVX9eMP_naQw==,false,true
172,,,6,1,ei_ss0isV768lCUjhmpeWA==,false,true
181,,,2,5,Y88dUJ9k9OxDEJdQxfIhlQ==,false,true
173,,,5,3,JMneSWib5yCqoy83Phu8oQ==,false,true
182,,,2,5,cYYP7NqILXE9Hpzi-xdBgQ==,false,true
183,,,1,4,EIbyGXNznTUOFW-1BLezAA==,false,true
192,,,1,3,XbXk3LjqdHNvqRTlxSvqYA==,false,true
184,,,3,2,xEGtIT3aAHxrY2xphF0Big==,false,true
185,,,6,1,_LTHk7SBt79D5L-K-gV2aQ==,false,true
200,,,3,2,NOAa4S8V3B-5BIjxeqqvcA==,false,true
186,,,2,5,U3tHJ-FSuNWrUlsXrDPE4A==,false,true
193,,,4,1,TWbCvV3pR8Hz_sqtwIeHBQ==,false,true
187,,,1,3,tiqBayosVPlBNWAra_9Ewg==,false,true
188,,,6,5,"5eBX_Q7o_63bPtKUgvi4MA==",false,true
194,,,5,3,WTT4aZtz1Cqe3SdbqEIYKw==,false,true
209,,,2,5,nvd6c31GeUR3wRtpAIlqEA==,false,true
195,,,1,4,mn8UUs3_eBZ8GG7emHJReg==,false,true
201,,,2,1,gM4TBoLCyT_ZaivvGiLiWQ==,false,true
196,,,1,2,nL8llLEkLlvAUDL9gW72Qg==,false,true
197,,,6,5,e_vhfBwS_9bpjfsHhzFmpg==,false,true
206,,,6,1,uYrX-T-t51Ru-gsVoVVuOQ==,false,true
198,,,2,1,CZe5Lzh7sLbzwZ-Jt3hb9Q==,false,true
202,,,4,2,MGeR9xaFqwQ8QQc5YR6McA==,false,true
203,,,4,5,dguVaTYwNGS0-adaYcEAcw==,false,true
204,,,6,4,nO_6X9mwycHLGhx3ZBAZMw==,false,true
217,,,6,5,SSn6GJ4Cu60qMWWm0ilY5A==,false,true
207,,,3,2,_ZrkMmlVQrj1kH0kmaj5LA==,false,true
210,,,5,1,r-IfdiefwcRgQrId42tRqw==,false,true
208,,,4,3,Ub3rh2syohyfCcJEd5zikQ==,false,true
212,,,6,1,sNb83gzkHYL_j-pn9DZsiQ==,false,true
211,,,6,2,X1RX697dTXdlCBMP7gZNjQ==,false,true
214,,,5,3,_Afc29IDufyKlXKJbl7NUA==,false,true
213,,,6,2,"2ge9PuO7_kNU4N9V5-jYeg==",false,true
215,,,6,5,NN9913sqwr-6CGZ4yPBhEA==,false,true
216,,,6,5,"974w80kgatk7-jtdygM6Qg==",false,true
144,,,1,3,"1i2lMlss3dZRXCyKZTYZBA==",false,true
218,,,2,1,Bl-EgsWou6P5jcftrCbffQ==,false,true
219,,,3,1,"49KrLsPfWwiNdxIlOmMM4A==",false,true
220,,,2,5,j741wuqITczcxxGr1Dg6kQ==,false,true
221,,,6,2,AJfvxUNRQUb-j2l4fjMu-A==,false,true
222,,,4,1,XipcJzBTmxInbWOTOVeqtg==,false,true
223,,,2,1,k4Q4utAmoX0fRbxRMatyug==,false,true
224,,,6,5,atJU2c4Cn3YN5S9FY0lzCg==,false,true
225,,,6,4,ub4oYfmIEBHT4Il67xpzaA==,false,true
226,,,6,1,vDKEyrHokSbeGbBMONQDbA==,false,true
317,,,5,4,mXGmn2uW9YN0qnC1b-ORaA==,false,true
227,,,6,5,F8rWUIQWeBnLmpyoVkY0Bg==,false,true
263,,,2,4,"6hFnL5PWJ_DNwG9HR_Zarw==",false,true
228,,,6,2,"2oo6BcNuyouVdH7taNdTYQ==",false,true
229,,,4,2,G1Xb8P2wgeFzQjLIPsCdIw==,false,true
286,,,4,5,pEKv5EfXglR_NK7heqpBpQ==,false,true
230,,,6,4,mDNRDarSDFGJFJsI9SXUFA==,false,true
264,,,3,4,qttjf6UL0T7Vg_7cDhPunA==,false,true
231,,,6,1,QCDAGYrIaUFVnY8LtqMXrQ==,false,true
232,,,2,1,-1ytK3ehyi7VUVrfRytsqA==,false,true
233,,,2,5,jKNJgxQdKo02mWYd_JpQPw==,false,true
265,,,3,1,UqxyZ5LZS4Bs78K6XPGJFA==,false,true
234,,,6,2,gL_Gu9aGgnuzYh9UPP0mfg==,false,true
235,,,4,6,g-jjaSrdMYrh0n2f1L7cFQ==,false,true
301,,,2,5,gdjjOA4aKmxfXamxV1hDxg==,false,true
236,,,2,6,AD1qbo0MSF4ZcUCl5y3j4Q==,false,true
266,,,6,2,-Pao5h4io05TZgFuhfVSqA==,false,true
237,,,6,3,VjT5d44j3MhFslacTpDEsw==,false,true
238,,,4,1,f01qE_m2uXIXlvgoKiumNQ==,false,true
287,,,1,3,Uw3NajQuX6gkywYgEKQRyw==,false,true
239,,,6,2,VrDl5BX9Zac4Bo0inZ7E4Q==,false,true
267,,,2,5,SDOHtZHJNwVFTkPbn3f2Xg==,false,true
240,,,6,5,PCb8jK9ATdRr6-r6djizNA==,false,true
241,,,1,2,Rci8TgV0q86LQs3yCwTmmg==,false,true
242,,,3,5,"5ePrKnUFuVCzAj1mxYHT1A==",false,true
268,,,3,1,dHpbh1LKArkAhP3Y4_fsCg==,false,true
243,,,2,5,gNcYoomqszOT7cH2vyzFAw==,false,true
244,,,5,1,t92UEE9X684jEO9ayq_lRw==,false,true
245,,,6,3,"0HewbVFOIcGA6SxjaFipzw==",false,true
269,,,4,3,K898fTtc9yPNYx6oH1XCLg==,false,true
246,,,6,3,mpenycTUblWWA6nWgsrwDg==,false,true
247,,,1,4,LKM_chT-mTqGmgT5-sAbog==,false,true
288,,,1,3,woUcMbhG8zSC3TiVdGSWzg==,false,true
248,,,1,2,-sqkp8G9BoEblkxxJQs4rQ==,false,true
270,,,2,5,"7m5HwpAzCEi9611_QcAOVA==",false,true
249,,,2,4,gcbUdPtTqJysReroJxiywQ==,false,true
250,,,6,3,Ap54jy7RZbTX11OQ9wO7lg==,false,true
251,,,6,1,fbaoNIVaVvL8ho1GYpShnw==,false,true
271,,,4,2,kKJY44NWR7PpkjLAAmRF-A==,false,true
252,,,5,6,a-_V0N12t7v2-ZsGuu-xYQ==,false,true
253,,,2,1,"0F8WRRZEap7c6SCGO0spyA==",false,true
311,,,6,4,M-hwEZ-6K0KHdP6yeRc1eQ==,false,true
254,,,5,4,Qx7D9G8qCsrk9JIpf12D0A==,false,true
272,,,6,1,-zT-EyYTBGm6_JAennD7eg==,false,true
255,,,2,5,tsU6vNcDZ_rzQ0lMdpErYA==,false,true
256,,,4,5,"3R8xp8kHnJsIqTpPmlzBRg==",false,true
289,,,6,1,"5i0joM6jVOILfImIYuTqWQ==",false,true
257,,,1,2,iiCPmkemVtmEb4RnM1rMTQ==,false,true
273,,,4,2,"02BaiXkc33GM1lVQRbp5Pw==",false,true
258,,,4,5,"6KaKytFOxODUWRn8bOiILw==",false,true
259,,,4,1,kyhyW0BdBQGZv-w43S6_9w==,false,true
260,,,6,2,DbBbPMcuowmMI-5DVJiHBQ==,false,true
274,,,3,2,"3VIQRQ9eSvlZGiGyDAk0HQ==",false,true
261,,,6,2,thox7bB299g-PmFSQrC9OQ==,false,true
262,,,2,1,srcSiVOAARqMMguAqRkeZw==,false,true
302,,,1,4,"01dnSipQaNklF7s06M5-aw==",false,true
275,,,4,5,-7Cd41gkyCiohfBVMRCDRg==,false,true
290,,,4,3,sd1EcU4hn4QvZKbWrGxPcw==,false,true
276,,,4,5,L6kDKjpYjSN8yca6eoOhqQ==,false,true
277,,,4,5,"5MfYEObith1llZ5x1n9GTQ==",false,true
278,,,4,5,msS8VJ2GqLAC-_-qFwBDgw==,false,true
291,,,1,4,A502CVPjs309IFDdZhBJpQ==,false,true
279,,,2,6,V7mB_AHTamfGR-ZGFghy2g==,false,true
280,,,5,2,okcwGRPff1M4r51qwaYOGA==,false,true
281,,,6,5,"1muLY558FMIVJpllnw6ckg==",false,true
292,,,6,1,m7k1O3DvdgUCPMQyuc6ONQ==,false,true
282,,,1,2,jrUvydtwPHRXygGl_690bQ==,false,true
303,,,6,3,kMOG1yjYu9y_fgkVYQamjw==,false,true
284,,,6,5,l9XH5V43_QMnWWHqMSI54Q==,false,true
293,,,1,4,dgFg9Zb_7xhritRiaAgYcA==,false,true
285,,,4,3,SMBDek6Wo7SjYpGLOfp_XA==,false,true
294,,,4,2,NdSUFcTNHqsOxqrDFhtE6w==,false,true
295,,,2,5,ykxUmWFIDi6Nh05yKNo4ww==,false,true
304,,,1,4,n9wu0muVxivwpioRPKV9Xg==,false,true
296,,,4,2,"0NHWM9Ilt8qKbsnbbqvYjA==",false,true
297,,,6,3,PlCb6T7qeA532DboAh07nQ==,false,true
312,,,6,5,nxz_D4ElTfnihgv6CupWhw==,false,true
298,,,2,1,rTBLvKj6llnXJgCnnD8PKA==,false,true
305,,,1,3,"1ROOLQhqSlg0bItOcm3DpQ==",false,true
299,,,4,3,"69WLbE5KD3-a_RBPfaeI4g==",false,true
300,,,2,1,gZ4rdBgoUGtfSMmiopfLLA==,false,true
306,,,4,3,aI4iZ5yADx9_2JHLzWTxug==,false,true
321,,,2,5,oufM-D9HLM8Bl3jUIruoNw==,false,true
307,,,6,3,"1JPzbDQRwN61xkla_ZV9EA==",false,true
313,,,2,5,Sns8ddFgmH93kOjhUeL-qw==,false,true
308,,,2,5,isin5_07yhsOu1L5Gugkkw==,false,true
309,,,1,4,T_eSt2W6GLuFN4vTBGRTgA==,false,true
318,,,5,1,UcANRN7sKQHa1_FVk280qA==,false,true
310,,,4,1,"2Uyy-aoBNrK0FaJEGur_Rw==",false,true
314,,,4,1,esCLx799en_ZxBSBaPa3Qg==,false,true
315,,,5,6,jQ8Gyr9EKGFMCyfOUoCEHQ==,false,true
316,,,1,3,"3F1_O6sBSu1-njV8i8qcdA==",false,true
283,,,3,2,xRjcK08s-HTcfFheZcr9Zw==,false,true
319,,,6,5,iJtmK_LgMiQlNPygRZiMRw==,false,true
322,,,1,5,PReZJYrqPI_yCDQazplrOg==,false,true
320,,,4,2,"8EIgM_IJKDNgWnfQIE1Frg==",false,true
324,,,1,2,HQv8uP3Rcqb0ZXfhPO44Xg==,false,true
323,,,6,5,"0QcDjlbl3QMUcCHWDtRuLQ==",false,true
326,,,4,5,"7oghH6RN9zJASUk49TsImg==",false,true
325,,,1,3,"8418TIuQ3HhmlVPSnz5VWA==",false,true
327,,,1,4,Qle8la3BKXVpaXZzsqmO1g==,false,true
328,,,5,1,w_Nj6oi2p1QtakRC9oWImw==,false,true
329,,,5,3,kCiFwoxvgdyhdoNEWUKnIA==,false,true
330,,,1,5,"5KFKzJml-xPU1jWren7msQ==",false,true
331,,,4,5,rHSjNtoWwkuLJeiCteBykw==,false,true
332,,,3,6,Huxno0SlNjaKpZV3gtxSBQ==,false,true
333,,,5,3,"7BpurDpG8Gbx4sEvIOJBbA==",false,true
334,,,3,2,vLRSyhS7d76aLYIvIk5t-A==,false,true
335,,,1,3,IZca5e1imvfiokAmEL6sLA==,false,true
336,,,3,2,iddxdf1ii8ovZiqZJOWKpg==,false,true
337,,,6,5,PQtsvm0u-gyJVBH3fGUQaQ==,false,true
338,,,5,1,L3OdYqQsU4a0kUBDT4_o-A==,false,true
429,,,4,5,SlCaD8sXuyTAbD5ElYngHg==,false,true
339,,,6,2,HWUUWlB-nbmomRKTO5NLzg==,false,true
375,,,3,5,nk0BAloUMW-tbSMNmlM8HQ==,false,true
340,,,6,2,LVe4tc9fWTUUdPiug3FXow==,false,true
341,,,6,2,gph-mTqnvChwgsdSrGqiNw==,false,true
398,,,4,5,riOsw-6XlahmxmoX3Y3dsw==,false,true
342,,,6,4,wWn_0LywEyW2XwAKYlTZJw==,false,true
376,,,4,5,do5uKN1LFcLS-eIucA8VNg==,false,true
343,,,6,5,Gr9nK8NK_jIBk61uh-iJnA==,false,true
344,,,3,5,"8jnE4go-InOuneIAApx_9w==",false,true
345,,,6,2,"5Q4pJWEIehXF4-DhBFKFnw==",false,true
377,,,1,3,Ubq9SsBQPYkXv_E9Yy-VNQ==,false,true
346,,,2,5,IZeFoy10UctbDQIevBjr8g==,false,true
347,,,4,5,sdISc-DLZvbRA8PnmK7Khg==,false,true
413,,,6,1,"8ws2B1uZ8GAyS35KJi3aVA==",false,true
348,,,6,2,fLnd8qKMwcwAbEmDP5wuig==,false,true
378,,,6,1,R2VfnnDNfhfaG_YegBRNlA==,false,true
349,,,1,2,izrOTrVPJtvE6BnZIU2igQ==,false,true
350,,,5,3,"5CaSimykDoZyAhvWCdg9lQ==",false,true
399,,,6,1,rr_3RQBokV91fn_soGlsyw==,false,true
351,,,6,1,"9hxvbT0THDbghIunFRwlYw==",false,true
379,,,2,3,LV_LBZCnSJ8joriDVmgreQ==,false,true
352,,,4,5,NqjE2ctnA3H6UDQzuX3MJQ==,false,true
362,,,3,1,J7OwJ67d3pq-Nc2hRR6oAA==,false,true
353,,,5,2,"1b74e9NCJcVH7ki8MjOHfA==",false,true
354,,,6,2,K8bIAZEqpNLrOyTEqELxuA==,false,true
355,,,4,6,haG6tLZ07dokg1xoU1CgtQ==,false,true
380,,,4,5,fAJrT52xZJvakA-8H4EC-Q==,false,true
356,,,4,2,QKE4hzgXiyIoq3v9aUzykg==,false,true
357,,,3,5,"2Eic-KQkRzfiWvn6nASW4g==",false,true
358,,,6,3,EvSjhGVDSRVVIJmwLfyEXQ==,false,true
381,,,6,2,d1UEyAQOUe54qu-2MrfYoA==,false,true
359,,,6,4,bicBKBH-tWkO_EQF-yFuOg==,false,true
360,,,4,1,d48HXTnbvFsK20BjpdejZg==,false,true
400,,,1,3,oStu39XHzmZMsG1MWt81GA==,false,true
361,,,2,6,CHqk1peU91ziJME-jAA_rA==,false,true
382,,,4,2,n6eRVlLo1kWtkVT8P7dz8w==,false,true
363,,,6,2,ZgB9uvELNWaxTxcr9AGXvg==,false,true
423,,,4,2,dedlrgh9gklyM1EyTkiBnQ==,false,true
364,,,3,2,nVT_p3768_vYRerWEUI19g==,false,true
383,,,6,3,PvAGXO30JuhVzR1oLl6mTA==,false,true
365,,,3,6,"6PMlLMqIca4a5kw69JXa8g==",false,true
366,,,6,2,Run0kaqJPEjsBaTALFwi1g==,false,true
401,,,1,3,gKkeZhGDF0vBAY2eARSlpw==,false,true
367,,,6,1,"693bYtwUAvraOCLd32RYYg==",false,true
384,,,1,3,"6EVcIv4-GAaJsqIjfIZ9Jw==",false,true
368,,,2,1,JdJPL83aYDSWnpaI92kjmQ==,false,true
369,,,4,5,ybhF9z4Pa-HAjYN7AGioAA==,false,true
370,,,5,2,eiyeinb7BMq8ap2Vvynb8w==,false,true
385,,,4,2,WNfFkBcE7nfgwNUx22q-yw==,false,true
371,,,3,2,aaAFRTbasd6cZWTl-FjAqw==,false,true
372,,,6,3,"9WIVHBAHj3cCCYY77IGCig==",false,true
414,,,1,3,mSEgZGmxxZ8yX-z1ibg-6w==,false,true
373,,,3,2,qKSGbQx1lzWbrdsM9a_DiA==,false,true
386,,,6,3,hadiEHF75Ws7ofBkjehJSw==,false,true
374,,,2,1,Ol1d45GyndzHTrvfolBWEQ==,false,true
402,,,4,2,Mf-0VLEREDhBX5Fes3ieOg==,false,true
387,,,5,1,Pae5B05tE65tI3lPCxxCzA==,false,true
388,,,6,5,Kam6AJtgaCzr4H5c1blhrQ==,false,true
389,,,6,3,KZG8pBBgk9PYIbWHHaimOA==,false,true
403,,,5,3,m-x5kfW44nFOZDvLAMsgbA==,false,true
390,,,2,1,BEGNW3fNBNkHM6isqRYT0g==,false,true
391,,,5,3,kaLlUVZ7ZF_FHzv44lT8CQ==,false,true
392,,,5,4,qzZ-c799Hfe6QbfJ7avBCw==,false,true
404,,,1,3,pr9dnskTGgULRNER9v1HNA==,false,true
393,,,4,5,D2gCghkGMl3Q-mBb-0j36g==,false,true
394,,,4,2,U2bpyuY3_e1AHHINRqatFw==,false,true
415,,,6,1,T1S3610zdU_mww0h4KD38A==,false,true
395,,,6,3,M9G8cM8SGk87JEI3xU3W4w==,false,true
405,,,1,3,lj9qVK-ynue0B5T3mIVCdA==,false,true
396,,,6,5,uG0tJELbwd9oTht2rE5dxg==,false,true
397,,,5,1,itL1HhdWqX9K_Sw4jgMucA==,false,true
406,,,2,6,uIPcLhgJRtSuu3ENtElIjA==,false,true
407,,,5,6,DQhLaBvVZgiFkCr4sXGPWw==,false,true
416,,,2,1,g0gPlQv-ldVpiKdFTFPhtw==,false,true
408,,,6,3,v_T5UY95aVrj5pWhtrOJgA==,false,true
409,,,2,5,nIe5YBTL0dh7q73EkOn0Zg==,false,true
424,,,6,2,rJL3DPyXEUxuGebGJ98OVQ==,false,true
410,,,2,3,"6VCw59sQw2R00Zgi0Q6rPQ==",false,true
417,,,4,2,"6qhxWgcy5uT-ExLtk2zaVA==",false,true
411,,,6,5,gSqM-HmkI7mM-tT9-tS9vA==,false,true
412,,,6,4,"3lSjCaBHiv0e80GQmBFJyw==",false,true
418,,,4,2,n14TbWyyt_FGaiyVzMPAbg==,false,true
433,,,4,3,djUmkSorUmPSV8gX0hlsFw==,false,true
419,,,3,2,qetqpalWga4XuyqQD2p0dw==,false,true
425,,,4,2,BC64KzxEYfULeFXuc9x_mQ==,false,true
420,,,1,5,"6MzPQPAOm22eTiHxPLLwMQ==",false,true
421,,,1,3,gvEtqxt864SuzP8Krl4ZiA==,false,true
430,,,6,5,FQ_tNg9KijNnQjDdsLBmJw==,false,true
422,,,1,5,CDm6f9UQPnoAPFJyu_6SIQ==,false,true
426,,,3,2,VWr4dj9CCazDeiimoKElQg==,false,true
427,,,1,6,dtZDg0AE1A9D3UbUyT1mJA==,false,true
428,,,6,2,aunvLcJSoXd_G7Pr_MJ3RQ==,false,true
431,,,4,5,yXWAiNvCjxur9ry88LQH0A==,false,true
434,,,1,3,JJQdv01pkBis8EDwBKCTtA==,false,true
432,,,6,2,gKcZImX3euI8o83S4VIydA==,false,true
436,,,6,1,vRpmNg-0_5-zmD31KGd1kQ==,false,true
435,,,6,4,"8YJx6Y0qo_MvirPQITbtmQ==",false,true
438,,,6,4,zQkpIFzBhohN92e-0w6DFA==,false,true
437,,,6,1,Z7A0U_EHed4p3vGvufub8w==,false,true
439,,,6,1,R3m8HaxWbCOOlStjOVjMEQ==,false,true
440,,,4,5,wMGZ83LtlB5qM8klGX4Fzg==,false,true
441,,,1,2,dYZHztMKNBQfQ-wo0QNgpw==,false,true
442,,,2,6,xgnb02F7S31xxZEfYlJU-g==,false,true
443,,,1,3,"7ILAVyS7Ko3Dwxev1PcpHQ==",false,true
444,,,2,5,I6tYFBnDBBh9qNMm54xqxA==,false,true
445,,,2,1,Tzv9PGhRtY7MNcahLsDFkQ==,false,true
446,,,6,3,r3vOK6IvD5MYUM9_Nia9JQ==,false,true
447,,,4,1,zptEVPy3YSV1sDqxdMAtlg==,false,true
448,,,5,4,Yc-wuhn7IRDuy7cmIseMeA==,false,true
449,,,6,1,dEo3nfFft0Ws6dliwnacaw==,false,true
450,,,2,5,HeZ20goZYd4z_jQY-7qY6w==,false,true
541,,,4,1,iMCeF_1TVPMIgZEAzraFOw==,false,true
451,,,5,4,"8ze5uofF6AiafdK2PXPOvg==",false,true
487,,,1,3,tHD-O3MArhdJ-OjQ199K5w==,false,true
452,,,5,3,KLhBF2luLKmhapcgoVXktA==,false,true
453,,,5,3,"3dEkiBzAo818KsT6R7hWMA==",false,true
510,,,3,2,umCqla7SilSDvezWDthqUA==,false,true
454,,,6,5,lv2FvkVGXcdlcXXxuUGe-Q==,false,true
488,,,4,2,MJZpJkPue31YJzqarACBfQ==,false,true
455,,,5,4,JPNFN1vf4yngJ-S1y2OprA==,false,true
456,,,3,5,"5-HrOYltK4gzOamJZv7Nnw==",false,true
457,,,2,3,rXR7HWg6NYMMgq5A5Lznhg==,false,true
489,,,6,2,Gh1Uwk81zBilYM1z5s_XOA==,false,true
458,,,5,4,EAV9FFMnzCE_D3ikT7r_sA==,false,true
459,,,2,5,ARrndX7ebqzxjAQjqtvEcQ==,false,true
525,,,6,1,yunyx_RsKT-SQZD36DAjZw==,false,true
460,,,6,1,"9fljKZ4RaISLIn0R9DfS7g==",false,true
490,,,6,2,orLrztSuDE4VHIQ5llWGWA==,false,true
461,,,6,1,_wEBYUkNbxdLYl-QJazplA==,false,true
462,,,2,5,qvObtMfNyJaA-FSdQDbjBg==,false,true
511,,,3,2,md4vDWyZFHuwDw50gRJaFA==,false,true
463,,,1,2,n4_fTV85xHhPKLz843U26A==,false,true
491,,,2,6,"44JCxCmMQ7hZdCKJLDavSg==",false,true
464,,,6,3,Yt_JxlNvC6TPWH5W_CcdXw==,false,true
465,,,6,2,Iy1vMIn0urE-cvCT9o54Eg==,false,true
466,,,4,5,vJKUSvx7hnZ-jr_mgMR5ag==,false,true
492,,,4,3,d76t9rV32KqF7GJ_uza5HQ==,false,true
467,,,6,3,nKTCD178NbwguGaYcOygaQ==,false,true
468,,,4,6,ETexMGCR4a3MzdA7EbBDbQ==,false,true
469,,,6,1,YUt7Xx2k4fW68ix3aA9m4g==,false,true
493,,,4,6,"9BRqJtdgcbX0CLi4uvH7uw==",false,true
470,,,3,4,VgNgh7X5pnTgZJVcwBxstg==,false,true
471,,,2,1,J2vTMo59gT3L4sYqxnZvcg==,false,true
512,,,6,1,"4rXZNJ7VqmrOciXyYFER5Q==",false,true
472,,,3,2,cy6i2MEBRbnIAnex7yFfTQ==,false,true
494,,,4,2,iTaPx0lENUaALRrZPoCJnQ==,false,true
473,,,6,2,"4jI57-jmqNYTFMfsTE08Gg==",false,true
474,,,1,3,V4v1uuzzYVBzk7EIjmUCSw==,false,true
475,,,1,4,ssz2oUc2DbD5pMqNpa7FZQ==,false,true
495,,,4,5,ZXi1nhbaJHUjqhS6OnY75g==,false,true
476,,,6,2,XtymYqsMXOuvi_TeuKELxg==,false,true
477,,,4,2,NrkWX4_s38BLmCgOtOjLcQ==,false,true
535,,,1,3,"24yXZpRRWVXUvxncP4L0VQ==",false,true
478,,,1,2,u8rD92-dSY0gFHsj7HP2lA==,false,true
496,,,5,1,crfqrrgEPc4ybOJunvDL4A==,false,true
479,,,5,4,DZaJ2uwUwK4DTcXm5OxPvQ==,false,true
480,,,1,3,mU5cxCjvaQwa0E7KpcpVeQ==,false,true
513,,,2,3,VBWVxi89SkWeYpNLUbm69w==,false,true
481,,,4,5,NOeQSjVVeXYFhQ_3ZsFz1A==,false,true
497,,,3,2,"6Yd_4QMLiRAk1lC7qYFlnA==",false,true
482,,,5,6,NdowJVfbCr6ETf-uQPteEA==,false,true
483,,,6,1,mqlq3S_1_BADjWY-NLlh6g==,false,true
484,,,4,2,MChHUe8PG_v7gC0U9YgNIw==,false,true
498,,,2,4,"0KkL5h78-GW_c2tu5MoRsA==",false,true
485,,,4,1,WmVW6VR3sZRQjgzl0kXxuA==,false,true
486,,,4,5,kRxCvvSjyayGPayeki8BcA==,false,true
526,,,2,6,WBP1vDZC285cLZKZol33zQ==,false,true
499,,,6,5,"7JKx9baEdtaDyTVL5GbtIw==",false,true
514,,,6,1,Rz9dL0rlw2MY-54NCpxOBA==,false,true
500,,,4,3,kKZ6HIq4J3Y_nm1RGVYAgw==,false,true
501,,,6,5,Rn4-W4hwGoIZkNsJ8CBPuQ==,false,true
502,,,6,3,hJ6l3JZ4Ou_W3_E6CQmnXQ==,false,true
515,,,6,3,Z6ZvA5vzoVp7cw9D9r6Zlw==,false,true
503,,,2,3,mq6Zyb68mFTh6Hotbg5A_A==,false,true
504,,,6,1,vVbDWObXIh93HvhfQnbHAg==,false,true
505,,,3,2,LA-LNp02I_y5Cp7BK6b_Fg==,false,true
516,,,6,5,qF2_62FBEfknsSpKe5CWIA==,false,true
506,,,2,6,"2RV-2S5-6uePNkQTX6HW1A==",false,true
507,,,5,1,kmm-wmZivntOUxSwafaDMQ==,false,true
527,,,2,5,DCMMhpptKxmkADKlkB479A==,false,true
508,,,5,2,FV5QYSTmQ-Vfmk0ec1xkTg==,false,true
517,,,6,4,CeUZsMpajeP8PflZIXab5w==,false,true
509,,,4,2,KCiExJLMeJjaOWvzNRVStg==,false,true
518,,,2,5,PdOT_fmoAtYC2r1pe8WxRA==,false,true
519,,,5,3,-siAkXuf1vlQLGmjig7oRw==,false,true
528,,,3,2,mzF-eA9zqzrrD-yoS-fSpw==,false,true
520,,,1,3,zoyrfF44SEI-IuFhmoQi1Q==,false,true
521,,,3,2,HZTpz4ZIKD78YOvI0IpA5w==,false,true
536,,,6,5,T9ugtqnuaJgpofWXHJGF5w==,false,true
522,,,4,5,"39-hdr5-K-VQN4miHod7MA==",false,true
529,,,2,5,Wf_CnE1VRpyVxOgGIoqtrQ==,false,true
523,,,6,1,"01e-rgSV0Jkhw8AydleVbA==",false,true
524,,,2,3,BUkj8JnDIMlFVCmEfi8iOw==,false,true
530,,,6,5,qnTZMAMrHn10aOoTAkHmqw==,false,true
545,,,1,5,L_ODfesG-iNfg-uKxzeq8w==,false,true
531,,,6,2,D1vS52BOXKVqwzoAM4rKTg==,false,true
537,,,4,5,kNJ4ccn2gddJf7xBttlgXQ==,false,true
532,,,5,6,NLpuH1s59MBlkQW9JrFk0g==,false,true
533,,,2,1,eVP-lixZMe8NfdaaaQkC1g==,false,true
542,,,3,6,wGtDWmoDJALHz9Rlj7f3ZA==,false,true
534,,,1,2,PTcNIG-Topc4Aub4NwbF_w==,false,true
538,,,6,5,"2njkHYZIdaTxxKAySOilTQ==",false,true
539,,,2,5,PRE4-kRbh-VW7yUy6GcZaw==,false,true
540,,,6,2,LGU8avSpmevmu224rKJ9SQ==,false,true
543,,,4,6,K5ghL9niJkTZ72wXR8-PpA==,false,true
546,,,5,2,Xqw5I_tPzkj4mLodPzA4Fw==,false,true
544,,,4,3,lZkTefo51NcE4T5XsuKIQg==,false,true
548,,,1,5,"4Cy-FyaRzvMuGMQEYU_Gew==",false,true
547,,,4,6,ukCAXW3KBISG8Hue8XoPDw==,false,true
550,,,1,3,U9q2fg_21qkiPkU58IhQQA==,false,true
549,,,1,6,Ki7dC4LDmuyjSbrguJBYwA==,false,true
551,,,6,2,L2pXSpk-bxLXqFrPsNcFcw==,false,true
552,,,1,5,xb9YzBkfDDIW5QQZHnN1iQ==,false,true
553,,,4,5,kk05bWQusvapkCEq4UUAsg==,false,true
554,,,6,5,pxWk2VNXMYdhwcnSktjFEQ==,false,true
555,,,1,2,YFJmoBbFyeXzWQdiETEg_A==,false,true
556,,,6,2,S30RMO_JDlce4tZsEYEtQQ==,false,true
557,,,6,2,r4yz7todkzvyfzeUFVIiyA==,false,true
558,,,6,3,EjmlAWFskChoqea5UG01JA==,false,true
559,,,5,6,"2-8S1_-KNdn9C4N6uhf4ew==",false,true
560,,,6,1,d5D00mlkpn3UJQtTXoB99w==,false,true
561,,,4,1,"7igqG1Pq9H3-luRienRq-A==",false,true
562,,,1,4,IE02TRd6LQdFOMowVGftOg==,false,true
563,,,6,5,lhca6bb78O9ScE6kJ4WtAg==,false,true
599,,,6,3,qaAYywz7O5WaHf4EzyMoyg==,false,true
564,,,6,1,U_mkU8vD0g34g7WAd0XxiQ==,false,true
565,,,1,5,Hi-OTPEkolLtiQZYZbe2Zg==,false,true
566,,,1,3,z6U0gqXNah8xgmoSxBE83Q==,false,true
600,,,4,6,"748jWCDCqo4U99WhArtHdg==",false,true
567,,,6,3,UcCRa26X7PFSdnYI_B_CpA==,false,true
568,,,5,4,VmUY7vIakg-IHUEF7C7MNQ==,false,true
569,,,4,1,OrhXz-5pHWNzOt61VHWTTg==,false,true
601,,,6,3,xuIjKVrcBFOCFQ2iEt5FKQ==,false,true
570,,,4,2,ljcGd5j31CwrIb95XnhXbg==,false,true
571,,,1,2,wahHN1rzt0XX5MaZnEMPjA==,false,true
572,,,4,2,Uba-qjAfaGBZSuUMEG16LA==,false,true
602,,,2,6,"7spHFtTj49SvOStflHBFzg==",false,true
573,,,6,2,QeaEILxHTFkIzCiE09WBMA==,false,true
574,,,2,3,iS_OHUtRXkq0QveksLsu6g==,false,true
575,,,4,2,cM7vg4TsQyJAGI8ibio5XA==,false,true
603,,,4,1,g7aARBBy0_fHKxeOZQ7Qeg==,false,true
576,,,5,2,l34TOf-oOzvUXbSL2bIRiQ==,false,true
577,,,6,3,_z41I2ElHaGfFyo2a2dJFg==,false,true
578,,,2,3,gwUK_jG_updLi1R8VKELNw==,false,true
604,,,4,3,NK_hVV2wZI-0OiRrKCrHhA==,false,true
579,,,3,2,"07q35pqSdmyj_HPwPRvfqA==",false,true
580,,,6,1,GsG_qgScj8Ttd6tjLyR2Pg==,false,true
581,,,1,3,OXHarLIJ1Vnyal836fcHZw==,false,true
605,,,5,3,ffioaT2lBAWGLzpN_ar8yw==,false,true
582,,,6,5,Shs3lsy4P-0_TlWuTqcupA==,false,true
583,,,5,1,"0ypztoL3b6LRoIfK8D3zsQ==",false,true
584,,,2,3,SkF5AJc1Yp58_2tVFb7dgA==,false,true
606,,,6,3,"792cnWO0SfjUxFBuQz-Mhg==",false,true
585,,,1,6,"2IDa347PLGHK5j3VLEsV2g==",false,true
586,,,6,3,T-XDyHVEf-HfboXwHfw6MQ==,false,true
587,,,6,2,EbvEV1n1wv2990o_8Mk7Jw==,false,true
607,,,1,3,cAnemlt1zcxuhRD6PU9cgA==,false,true
588,,,6,3,l-yN807CsxIhHpt_Vr-4zQ==,false,true
589,,,6,5,ERVQyc_xiZoRWfk59nD5Sw==,false,true
590,,,3,4,ibTalY_fZxK11KfYTfi-7w==,false,true
608,,,6,5,hQ_Ij5dc2KqHnrXwsPJeNw==,false,true
591,,,1,3,"8GJFDaY69iVvDRHgFarF_w==",false,true
592,,,5,2,XHUUO-PjyuYCaK1h0oqwWw==,false,true
593,,,1,2,pjRjbRna3STv8cVYaF8y1w==,false,true
609,,,6,2,Aqv_rf7DhKB8cZQAQxWekQ==,false,true
594,,,4,2,DJfUKDvJLrY4R2FEZwr8yQ==,false,true
595,,,4,2,HU7sM8uL_VklMRBmIz5VkA==,false,true
596,,,4,2,GNPc0Omd-7BYtLtT5Zk9DA==,false,true
610,,,4,2,"5mCrY8T-CIXK5Nwe7K1Tog==",false,true
597,,,6,5,M01IFR4Cg20uz5mTPxu3ig==,false,true
598,,,3,1,N8D36wd1YW4kg1_1gqNISA==,false,true
611,,,2,4,GOvCMfYHv6IpH4WdJ2ntBg==,false,true
612,,,4,2,RITzWEul2CzwgVSaV8x-1g==,false,true
613,,,2,1,BnVN5ilpkXzQlkd2OCbKhg==,false,true
614,,,5,2,d_ymLSBNp49XpYkNrVVnCw==,false,true
615,,,4,5,-DGi960s4MYdj2Xoa5IZkA==,false,true
