Normal,Foil,Name,Set,Card Number,Color,Rarity,Price,Foil Price
3,0,"Ariel - On Human Legs",001,1,Amber,Uncommon,"$0.07","$0.43"
0,0,"Ariel - Spectacular Singer",001,2,Amber,Super Rare,"$5.29","$20.56"
3,0,"Cinderella - Gentle and Kind",001,3,Amber,Uncommon,"$0.08","$0.40"
0,0,"Goofy - Musketeer",001,4,Amber,Uncommon,"$0.16","$0.37"
0,0,"Hades - King of Olympus",001,5,Amber,Rare,"$0.27","$0.42"
1,0,"Hades - Lord of the Underworld",001,6,Amber,Rare,"$0.15","$2.34"
2,0,"HeiHei - Boat Snack",001,7,Amber,Common,"$0.04","$0.22"
2,0,"LeFou - Bumbler",001,8,Amber,Uncommon,"$0.07","$0.28"
1,0,"Lilo - Making a Wish",001,9,Amber,Rare,"$6.44","$8.77"
0,0,"Maximus - Palace Horse",001,10,Amber,Super Rare,"$0.42","$1.23"
2,0,"Maximus - Relentless Pursuer",001,11,Amber,Uncommon,"$0.06","$0.32"
3,0,"Mickey Mouse - True Friend",001,12,Amber,Uncommon,"$0.06","$0.60"
3,0,"Minnie Mouse - Beloved Princess",001,13,Amber,Common,"$0.06","$0.21"
0,1,"Moana - Of Motunui",001,14,Amber,Rare,"$0.24","$0.24"
0,0,"Mr. Smee - Loyal First Mate",001,15,Amber,Common,"$0.08","$0.18"
0,0,"Prince Phillip - Dragonslayer",001,16,Amber,Uncommon,"$0.07","$0.34"
0,0,"Pumbaa - Friendly Warthog",001,17,Amber,Common,"$0.07","$0.17"
0,0,"Rapunzel - Gifted with Healing",001,18,Amber,Legendary,"$43.62","$74.62"
2,0,"Sebastian - Court Composer",001,19,Amber,Common,"$0.07","$0.23"
1,0,"Simba - Protective Cub",001,20,Amber,Common,"$0.23","$0.98"
0,0,"Stitch - Carefree Surfer",001,21,Amber,Legendary,"$6.26","$25.82"
3,0,"Stitch - New Dog",001,22,Amber,Common,"$0.12","$0.59"
1,0,"Stitch - Rock Star",001,23,Amber,Super Rare,"$1.72","$5.68"
0,0,"Timon - Grub Rustler",001,24,Amber,Common,"$0.07","$0.18"
2,0,"Be Our Guest",001,25,Amber,Uncommon,"$0.16","$0.96"
4,0,"Control Your Temper!",001,26,Amber,Common,"$0.05","$0.16"
2,0,"Hakuna Matata",001,27,Amber,Common,"$0.08","$0.22"
2,0,"Healing Glow",001,28,Amber,Common,"$0.06","$0.19"
0,0,"Just in Time",001,29,Amber,Rare,"$0.46","$1.50"
1,0,"Part of Your World",001,30,Amber,Rare,"$0.18","$1.48"
0,0,"You Have Forgotten Me",001,31,Amber,Uncommon,"$0.25","$2.23"
3,0,"Dinglehopper",001,32,Amber,Common,"$0.04","$0.20"
0,0,"Lantern",001,33,Amber,Rare,"$0.96","$4.57"
0,0,"Ursula's Shell Necklace",001,34,Amber,Rare,"$0.29","$0.82"
0,0,"Anna - Heir to Arendelle",001,35,Amethyst,Uncommon,"$0.10","$0.34"
0,0,"Archimedes - Highly Educated Owl",001,36,Amethyst,Common,"$0.09","$0.23"
1,0,"Dr. Facilier - Agent Provocateur",001,37,Amethyst,Rare,"$0.19","$1.09"
4,0,"Dr. Facilier - Charlatan",001,38,Amethyst,Common,"$0.06","$0.19"
0,0,"Dr. Facilier - Remarkable Gentleman",001,39,Amethyst,Rare,"$0.20","$0.91"
3,0,"Elsa - Queen Regent",001,40,Amethyst,Common,"$0.07","$0.21"
0,0,"Elsa - Snow Queen",001,41,Amethyst,Uncommon,"$0.16","$1.19"
0,0,"Elsa - Spirit of Winter",001,42,Amethyst,Legendary,"$15.76","$51.35"
1,0,"Flotsam - Ursula's Spy",001,43,Amethyst,Rare,"$0.11","$1.01"
0,0,"Jafar - Keeper of Secrets",001,44,Amethyst,Rare,"$0.23","$1.23"
2,0,"Jafar - Wicked Sorcerer",001,45,Amethyst,Common,"$0.07","$0.22"
2,0,"Jetsam - Ursula's Spy",001,46,Amethyst,Common,"$0.04","$0.23"
3,0,"Magic Broom - Bucket Brigade",001,47,Amethyst,Common,"$0.08","$0.44"
0,0,"Maleficent - Biding Her Time",001,48,Amethyst,Rare,"$6.54","$8.86"
3,0,"Maleficent - Sorceress",001,49,Amethyst,Common,"$0.16","$0.97"
0,0,"Marshmallow - Persistent Guardian",001,50,Amethyst,Super Rare,"$0.20","$1.00"
0,1,"Mickey Mouse - Wayward Sorcerer",001,51,Amethyst,Super Rare,"$1.24","$1.51"
3,0,"Olaf - Friendly Snowman",001,52,Amethyst,Uncommon,"$0.09","$1.71"
2,0,"Pascal - Rapunzel's Companion",001,53,Amethyst,Uncommon,"$0.19","$2.08"
4,0,"Rafiki - Mysterious Sage",001,54,Amethyst,Uncommon,"$0.06","$0.41"
1,0,"Sven - Official Ice Deliverer",001,55,Amethyst,Uncommon,"$0.06","$0.36"
0,0,"The Queen - Wicked and Vain",001,56,Amethyst,Super Rare,"$0.30","$1.29"
3,0,"The Wardrobe - Belle's Confidant",001,57,Amethyst,Common,"$0.06","$0.15"
0,0,"Tinker Bell - Peter Pan's Ally",001,58,Amethyst,Common,"$0.06","$0.23"
0,0,"Ursula - Power Hungry",001,59,Amethyst,Legendary,"$1.73","$15.32"
2,0,"Yzma - Alchemist",001,60,Amethyst,Common,"$0.05","$0.19"
0,0,"Zeus - God of Lightning",001,61,Amethyst,Rare,"$0.25","$1.02"
0,0,"Befuddle",001,62,Amethyst,Uncommon,"$0.45","$2.35"
2,0,"Freeze",001,63,Amethyst,Common,"$0.06","$0.22"
3,0,"Friends on the Other Side",001,64,Amethyst,Common,"$0.50","$4.87"
1,0,"Reflection",001,65,Amethyst,Uncommon,"$0.10","$0.42"
0,0,"Magic Mirror",001,66,Amethyst,Rare,"$0.23","$0.90"
0,0,"Ursula's Cauldron",001,67,Amethyst,Uncommon,"$0.11","$0.54"
0,0,"White Rabbit's Pocket Watch",001,68,Amethyst,Rare,"$0.25","$0.65"
2,0,"Aladdin - Prince Ali",001,69,Emerald,Common,"$0.05","$0.21"
0,0,"Beast - Wolfsbane",001,70,Emerald,Legendary,"$1.88","$13.96"
0,0,"Cheshire Cat - Not All There",001,71,Emerald,Uncommon,"$0.25","$0.74"
0,1,"Cruella De Vil - Miserable as Usual",001,72,Emerald,Rare,"$0.13","$0.17"
2,0,"Duke of Weselton - Opportunistic Official",001,73,Emerald,Common,"$0.05","$0.16"
1,0,"Flynn Rider - Charming Rogue",001,74,Emerald,Uncommon,"$0.93","$2.42"
0,0,"Genie - On the Job",001,75,Emerald,Super Rare,"$0.33","$1.58"
0,0,"Genie - Powers Unleashed",001,76,Emerald,Rare,"$0.23","$1.01"
0,0,"Genie - The Ever Impressive",001,77,Emerald,Common,"$0.06","$0.20"
1,0,"Hans - Scheming Prince",001,78,Emerald,Rare,"$0.26","$1.21"
6,0,"Horace - No-Good Scoundrel",001,79,Emerald,Common,"$0.02","$0.16"
1,0,"Iago - Loud-Mouthed Parrot",001,80,Emerald,Rare,"$0.12","$0.64"
4,0,"Jasper - Common Crook",001,81,Emerald,Uncommon,"$0.06","$0.28"
0,0,"John Silver - Alien Pirate",001,82,Emerald,Legendary,"$1.74","$12.39"
0,0,"Jumba Jookiba - Renegade Scientist",001,83,Emerald,Uncommon,"$0.08","$0.30"
0,0,"Kuzco - Temperamental Emperor",001,84,Emerald,Rare,"$0.37","$2.05"
0,0,"Lady Tremaine - Wicked Stepmother",001,85,Emerald,Rare,"$0.21","$1.21"
3,0,"Mad Hatter - Gracious Host",001,86,Emerald,Uncommon,"$0.12","$0.48"
4,0,"Megara - Pulling the Strings",001,87,Emerald,Common,"$0.06","$0.17"
0,0,"Mickey Mouse - Artful Rogue",001,88,Emerald,Super Rare,"$0.27","$2.30"
3,0,"Mickey Mouse - Steamboat Pilot",001,89,Emerald,Common,"$0.05","$0.20"
0,0,"Mother Gothel - Selfish Manipulator",001,90,Emerald,Super Rare,"$0.45","$1.27"
2,0,"Peter Pan - Never Landing",001,91,Emerald,Common,"$0.07","$0.20"
0,0,"Tamatoa - Drab Little Crab",001,92,Emerald,Uncommon,"$0.07","$0.39"
1,0,"Tinker Bell - Most Helpful",001,93,Emerald,Common,"$0.13","$0.30"
0,0,"Do It Again!",001,94,Emerald,Rare,"$0.24","$1.22"
3,0,"Mother Knows Best",001,95,Emerald,Uncommon,"$0.10","$1.37"
2,0,"Stampede",001,96,Emerald,Common,"$0.05","$0.18"
1,0,"Steal from the Rich",001,97,Emerald,Rare,"$0.18","$0.69"
0,0,"Sudden Chill",001,98,Emerald,Common,"$0.24","$2.84"
0,0,"The Beast is Mine!",001,99,Emerald,Uncommon,"$0.08","$0.26"
2,0,"Vicious Betrayal",001,100,Emerald,Common,"$0.05","$0.20"
0,0,"Dr. Facilier's Cards",001,101,Emerald,Uncommon,"$0.07","$0.36"
2,0,"Stolen Scimitar",001,102,Emerald,Common,"$0.04","$0.18"
0,0,"Abu - Mischievous Monkey",001,103,Ruby,Common,"$0.07","$0.22"
0,1,"Aladdin - Heroic Outlaw",001,104,Ruby,Super Rare,"$0.33","$0.37"
3,0,"Aladdin - Street Rat",001,105,Ruby,Common,"$0.08","$0.21"
3,0,"Captain - Colonel's Lieutenant",001,106,Ruby,Uncommon,"$0.04","$0.22"
0,0,"Captain Hook - Ruthless Pirate",001,107,Ruby,Rare,"$0.20","$0.92"
2,0,"Donald Duck - Boisterous Fowl",001,108,Ruby,Uncommon,"$0.07","$0.34"
1,0,"Elsa - Ice Surfer",001,109,Ruby,Common,"$0.08","$0.18"
0,0,"Gaston - Arrogant Hunter",001,110,Ruby,Common,"$0.11","$0.44"
1,0,"Goofy - Daredevil",001,111,Ruby,Common,"$0.08","$0.23"
1,0,"LeFou - Instigator",001,112,Ruby,Rare,"$0.29","$1.62"
0,0,"Maleficent - Monstrous Dragon",001,113,Ruby,Legendary,"$24.86","$86.03"
0,0,"Maui - Hero to All",001,114,Ruby,Rare,"$14.05","$22.67"
2,0,"Mickey Mouse - Brave Little Tailor",001,115,Ruby,Legendary,"$3.70","$35.35"
2,1,"Minnie Mouse - Always Classy",001,116,Ruby,Common,"$0.06","$0.34"
0,0,"Moana - Chosen by the Ocean",001,117,Ruby,Uncommon,"$0.08","$0.45"
1,0,"Mulan - Imperial Soldier",001,118,Ruby,Super Rare,"$0.24","$0.43"
1,0,"Peter Pan - Fearless Fighter",001,119,Ruby,Common,"$0.06","$0.20"
3,0,"Pongo - Ol' Rascal",001,120,Ruby,Common,"$0.08","$0.22"
3,0,"Rapunzel - Letting Down Her Hair",001,121,Ruby,Uncommon,"$0.08","$0.35"
2,0,"Scar - Fiery Usurper",001,122,Ruby,Common,"$0.04","$0.17"
0,0,"Scar - Shameless Firebrand",001,123,Ruby,Rare,"$0.18","$1.04"
3,0,"Sergeant Tibbs - Courageous Cat",001,124,Ruby,Common,"$0.04","$0.19"
1,0,"Stitch - Abomination",001,125,Ruby,Rare,"$0.20","$1.34"
0,0,"Te Kā - The Burning One",001,126,Ruby,Super Rare,"$0.18","$0.71"
0,0,"Tigger - Wonderful Thing",001,127,Ruby,Uncommon,"$0.09","$0.39"
0,0,"Be Prepared",001,128,Ruby,Rare,"$9.77","$34.05"
0,0,"Cut to the Chase",001,129,Ruby,Uncommon,"$0.09","$0.27"
5,0,"Dragon Fire",001,130,Ruby,Uncommon,"$0.10","$0.68"
0,0,"Fan the Flames",001,131,Ruby,Uncommon,"$0.14","$0.38"
2,0,"He's Got a Sword!",001,132,Ruby,Common,"$0.04","$0.15"
0,0,"Tangle",001,133,Ruby,Common,"$0.06","$0.19"
0,0,"Poisoned Apple",001,134,Ruby,Rare,"$0.18","$1.32"
2,0,"Shield of Virtue",001,135,Ruby,Uncommon,"$0.08","$0.70"
0,0,"Sword of Truth",001,136,Ruby,Rare,"$0.18","$0.75"
0,0,"Ariel - Whoseit Collector",001,137,Sapphire,Rare,"$0.35","$2.31"
3,0,"Aurora - Briar Rose",001,138,Sapphire,Common,"$0.05","$0.19"
0,1,"Aurora - Dreaming Guardian",001,139,Sapphire,Super Rare,"$0.42","$0.42"
6,0,"Aurora - Regal Princess",001,140,Sapphire,Uncommon,"$0.09","$0.64"
1,0,"Belle - Inventive Engineer",001,141,Sapphire,Uncommon,"$0.10","$0.43"
0,0,"Belle - Strange but Special",001,142,Sapphire,Legendary,"$17.21","$47.37"
0,0,"Chief Tui - Respected Leader",001,143,Sapphire,Uncommon,"$0.11","$0.34"
0,0,"Donald Duck - Strutting His Stuff",001,144,Sapphire,Common,"$0.08","$0.20"
5,0,"Flounder - Voice of Reason",001,145,Sapphire,Common,"$0.06","$0.25"
3,0,"Gramma Tala - Storyteller",001,146,Sapphire,Uncommon,"$0.19","$0.97"
0,0,"Hades - Infernal Schemer",001,147,Sapphire,Legendary,"$9.03","$32.32"
3,0,"Jasmine - Disguised",001,148,Sapphire,Common,"$0.06","$0.20"
0,0,"Jasmine - Queen of Agrabah",001,149,Sapphire,Rare,"$0.45","$2.23"
3,0,"Maleficent - Sinister Visitor",001,150,Sapphire,Common,"$0.04","$0.18"
1,0,"Maleficent - Uninvited",001,151,Sapphire,Rare,"$0.15","$1.07"
0,0,"Maurice - World-Famous Inventor",001,152,Sapphire,Rare,"$0.30","$1.23"
0,0,"Merlin - Self-Appointed Mentor",001,153,Sapphire,Common,"$0.08","$0.17"
6,0,"Mickey Mouse - Detective",001,154,Sapphire,Common,"$0.09","$0.52"
2,1,"Mufasa - King of the Pride Lands",001,155,Sapphire,Common,"$0.06","$0.22"
2,0,"Philoctetes - Trainer of Heroes",001,156,Sapphire,Common,"$0.08","$0.16"
0,0,"Robin Hood - Unrivaled Archer",001,157,Sapphire,Super Rare,"$0.30","$5.73"
1,0,"Scar - Mastermind",001,158,Sapphire,Rare,"$0.14","$0.80"
0,0,"Tamatoa - So Shiny!",001,159,Sapphire,Super Rare,"$6.35","$26.89"
0,0,"Triton - The Sea King",001,160,Sapphire,Uncommon,"$0.08","$0.38"
3,0,"Develop Your Brain",001,161,Sapphire,Common,"$0.09","$0.92"
0,0,"If it's Not Baroque",001,162,Sapphire,Rare,"$0.20","$0.79"
0,0,"Let it Go",001,163,Sapphire,Rare,"$2.67","$7.05"
2,0,"One Jump Ahead",001,164,Sapphire,Uncommon,"$0.23","$6.55"
0,0,"Work Together",001,165,Sapphire,Common,"$0.06","$0.21"
4,0,"Coconut Basket",001,166,Sapphire,Uncommon,"$0.05","$0.29"
0,0,"Eye of the Fates",001,167,Sapphire,Uncommon,"$0.13","$0.76"
0,0,"Fishbone Quill",001,168,Sapphire,Rare,"$9.12","$23.97"
3,0,"Magic Golden Flower",001,169,Sapphire,Common,"$0.06","$0.25"
0,0,"Scepter of Arendelle",001,170,Sapphire,Uncommon,"$0.12","$0.41"
1,0,"Aladdin - Cornered Swordsman",001,171,Steel,Common,"$0.08","$0.21"
2,0,"Beast - Hardheaded",001,172,Steel,Uncommon,"$0.07","$0.57"
0,0,"Captain Hook - Captain of the Jolly Roger",001,173,Steel,Rare,"$0.29","$1.15"
3,0,"Captain Hook - Forceful Duelist",001,174,Steel,Common,"$0.11","$1.25"
0,0,"Captain Hook - Thinking a Happy Thought",001,175,Steel,Rare,"$0.33","$2.29"
0,0,"Cerberus - Three-Headed Dog",001,176,Steel,Common,"$0.07","$0.23"
0,0,"Donald Duck - Musketeer",001,177,Steel,Uncommon,"$0.14","$0.44"
1,0,"Gantu - Galactic Federation Captain",001,178,Steel,Legendary,"$1.34","$8.77"
2,0,"Goons - Maleficent's Underlings",001,179,Steel,Common,"$0.05","$0.19"
0,0,"Hans - Thirteenth in Line",001,180,Steel,Super Rare,"$0.43","$1.33"
2,0,"Hercules - True Hero",001,181,Steel,Common,"$0.14","$0.33"
3,0,"Kristoff - Official Ice Master",001,182,Steel,Common,"$0.04","$0.18"
1,0,"Kronk - Right-Hand Man",001,183,Steel,Uncommon,"$0.07","$0.39"
3,0,"Lilo - Galactic Hero",001,184,Steel,Uncommon,"$0.05","$0.33"
1,0,"Maui - Demigod",001,185,Steel,Rare,"$0.09","$0.80"
0,0,"Mickey Mouse - Musketeer",001,186,Steel,Rare,"$0.33","$1.60"
4,0,"Prince Eric - Dashing and Brave",001,187,Steel,Common,"$0.04","$0.23"
0,1,"Simba - Future King",001,188,Steel,Common,"$0.14","$0.38"
0,1,"Simba - Returned King",001,189,Steel,Rare,"$0.13","$0.17"
2,0,"Simba - Rightful Heir",001,190,Steel,Uncommon,"$0.04","$0.26"
0,0,"Starkey - Hook's Henchman",001,191,Steel,Uncommon,"$0.07","$0.36"
0,0,"Te Kā - Heartless",001,192,Steel,Legendary,"$1.22","$10.14"
0,0,"Tinker Bell - Giant Fairy",001,193,Steel,Super Rare,"$9.61","$19.82"
0,0,"Tinker Bell - Tiny Tactician",001,194,Steel,Common,"$0.13","$0.45"
1,0,"A Whole New World",001,195,Steel,Super Rare,"$12.49","$22.80"
0,0,"Break",001,196,Steel,Common,"$0.08","$0.15"
3,0,"Fire the Cannons!",001,197,Steel,Common,"$0.16","$0.81"
1,0,"Grab Your Sword",001,198,Steel,Rare,"$3.00","$12.61"
3,0,"Ransack",001,199,Steel,Uncommon,"$0.06","$0.38"
4,0,"Smash",001,200,Steel,Uncommon,"$0.15","$1.94"
1,0,"Beast's Mirror",001,201,Steel,Common,"$0.07","$0.22"
2,0,"Frying Pan",001,202,Steel,Uncommon,"$0.05","$0.23"
0,0,"Musketeer Tabard",001,203,Steel,Rare,"$0.28","$1.10"
0,0,"Plasma Blaster",001,204,Steel,Rare,"$0.25","$0.72"
0,0,"Hades - King of Olympus",001,205,Amber,Enchanted,"$107.05","$107.05"
0,0,"Stitch - Carefree Surfer",001,206,Amber,Enchanted,"$282.05","$282.05"
0,0,"Elsa - Spirit of Winter",001,207,Amethyst,Enchanted,"$839.37","$839.37"
0,0,"Mickey Mouse - Wayward Sorcerer",001,208,Amethyst,Enchanted,"$203.66","$203.66"
0,0,"Genie - On the Job",001,209,Emerald,Enchanted,"$117.27","$117.27"
0,0,"Mickey Mouse - Artful Rogue",001,210,Emerald,Enchanted,"$108.10","$108.10"
0,0,"Aladdin - Heroic Outlaw",001,211,Ruby,Enchanted,"$104.28","$104.28"
0,0,"Maui - Hero to All",001,212,Ruby,Enchanted,"$267.68","$267.68"
0,0,"Aurora - Dreaming Guardian",001,213,Sapphire,Enchanted,"$172.00","$172.00"
0,0,"Belle - Strange but Special",001,214,Sapphire,Enchanted,"$251.29","$251.29"
0,0,"Simba - Returned King",001,215,Steel,Enchanted,"$142.23","$142.23"
0,0,"Tinker Bell - Giant Fairy",001,216,Steel,Enchanted,"$290.47","$290.47"
0,0,"Mickey Mouse - Brave Little Tailor",P1,P1,Ruby,Promo,"$928.00",
0,0,"Stitch - Rock Star",P1,P2,Amber,Promo,"$4.44","$4.44"
0,0,"Elsa - Snow Queen",P1,P3,Amethyst,Promo,,
0,0,"Cruella de Vil - Miserable As Usual",P1,P4,Emerald,Promo,"$1.58","$1.58"
0,0,"Maleficent - Monstrous Dragon",P1,P5,Ruby,Promo,,
0,0,"Robin Hood - Unrivaled Archer",P1,P6,Sapphire,Promo,,
0,0,"Captain Hook - Forceful Duelist",P1,P7,Steel,Promo,,
0,0,"Mickey Mouse - Detective",P1,P8,Sapphire,Promo,"$4.47","$4.47"
0,0,"Heihei - Boat Snack",P1,P9,Amber,Promo,"$1.90","$1.90"
0,0,"Yzma - Alchemist",P1,P10,Amethyst,Promo,"$1.24","$1.24"
0,0,"Mickey Mouse - Musketeer",P1,P11,Steel,Promo,,
0,0,"Goofy - Musketeer",P1,P12,Amber,Promo,,
0,0,"Donald Duck - Musketeer",P1,P13,Steel,Promo,,
2,0,"Bashful - Hopeless Romantic",002,1,Amber,Uncommon,"$0.08","$0.35"
1,0,"Christopher Robin - Adventurer",002,2,Amber,Rare,"$0.18","$0.66"
0,0,"Cinderella - Ballroom Sensation",002,3,Amber,Rare,"$3.64","$7.51"
0,0,"Cobra Bubbles - Just a Social Worker",002,4,Amber,Rare,"$0.13","$0.46"
2,0,"Doc - Leader of the Seven Dwarfs",002,5,Amber,Uncommon,"$0.11","$1.20"
3,0,"Dopey - Always Playful",002,6,Amber,Uncommon,"$0.07","$0.34"
0,0,"Eudora - Accomplished Seamstress",002,7,Amber,Common,"$0.03","$0.18"
3,0,"Gaston - Baritone Bully",002,8,Amber,Uncommon,"$0.05","$0.42"
1,0,"Grand Duke - Advisor to the King",002,9,Amber,Rare,"$0.14","$0.78"
3,0,"Grumpy - Bad-Tempered",002,10,Amber,Common,"$0.04","$0.28"
3,0,"Happy - Good-Natured",002,11,Amber,Common,"$0.07","$0.20"
0,0,"King Louie - Jungle VIP",002,12,Amber,Super Rare,"$0.11","$0.45"
0,0,"Mickey Mouse - Friendly Face",002,13,Amber,Super Rare,"$0.28","$1.01"
0,0,"Mufasa - Betrayed Leader",002,14,Amber,Legendary,"$9.64","$26.75"
0,0,"Mulan - Free Spirit",002,15,Amber,Common,"$0.06","$0.20"
1,0,"Mulan - Reflecting",002,16,Amber,Rare,"$0.29","$1.45"
0,0,"Nana - Darling Family Pet",002,17,Amber,Uncommon,"$0.06","$0.29"
0,0,"Piglet - Very Small Animal",002,18,Amber,Common,"$0.05","$0.21"
0,0,"Rapunzel - Gifted Artist",002,19,Amber,Uncommon,"$0.20","$0.52"
0,0,"Rapunzel - Sunshine",002,20,Amber,Common,"$0.08","$0.25"
3,0,"Sleepy - Nodding Off",002,21,Amber,Common,"$0.06","$0.27"
3,0,"Sneezy - Very Allergic",002,22,Amber,Common,"$0.05","$0.25"
3,0,"Snow White - Lost in the Forest",002,23,Amber,Common,"$0.08","$0.28"
0,0,"Snow White - Unexpected Houseguest",002,24,Amber,Uncommon,"$0.19","$0.68"
0,0,"Snow White - Well Wisher",002,25,Amber,Legendary,"$3.51","$13.60"
0,1,"The Queen - Commanding Presence",002,26,Amber,Super Rare,"$0.77","$1.06"
3,0,"The Queen - Regal Monarch",002,27,Amber,Common,"$0.13","$1.36"
0,0,"Hold Still",002,28,Amber,Common,"$0.05","$0.14"
0,0,"Last Stand",002,29,Amber,Uncommon,"$0.06","$0.26"
2,0,"Painting the Roses Red",002,30,Amber,Common,"$0.07","$0.38"
0,0,"World's Greatest Criminal Mind",002,31,Amber,Rare,"$0.80","$3.24"
0,0,"Zero to Hero",002,32,Amber,Uncommon,"$0.12","$0.58"
0,0,"Dragon Gem",002,33,Amber,Rare,"$0.17","$0.56"
0,0,"Sleepy's Flute",002,34,Amber,Rare,"$0.46","$4.66"
0,1,"Arthur - Wizard's Apprentice",002,35,Amethyst,Super Rare,"$1.10","$2.77"
0,0,"Blue Fairy - Rewarding Good Deeds",002,36,Amethyst,Uncommon,"$0.13","$0.90"
3,0,"Chip the Teacup - Gentle Soul",002,37,Amethyst,Common,"$0.03","$0.14"
2,0,"Dr. Facilier - Savvy Opportunist",002,38,Amethyst,Common,"$0.05","$0.18"
0,0,"Elsa - Gloves Off",002,39,Amethyst,Common,"$0.09","$0.26"
0,0,"Fairy Godmother - Here to Help",002,40,Amethyst,Uncommon,"$0.05","$0.32"
0,0,"Fairy Godmother - Mystic Armorer",002,41,Amethyst,Legendary,"$2.37","$7.88"
0,0,"Fairy Godmother - Pure Heart",002,42,Amethyst,Common,"$0.05","$0.17"
5,0,"HeiHei - Persistent Presence",002,43,Amethyst,Uncommon,"$0.07","$0.33"
1,0,"Jiminy Cricket - Pinocchio's Conscience",002,44,Amethyst,Common,"$0.06","$0.16"
3,0,"Kuzco - Wanted Llama",002,45,Amethyst,Common,"$0.08","$0.49"
1,0,"Madam Mim - Fox",002,46,Amethyst,Rare,"$4.30","$22.36"
0,0,"Madam Mim - Purple Dragon",002,47,Amethyst,Legendary,"$2.48","$9.16"
0,0,"Madam Mim - Rival of Merlin",002,48,Amethyst,Rare,"$0.27","$0.97"
3,0,"Madam Mim - Snake",002,49,Amethyst,Uncommon,"$0.23","$9.28"
2,0,"Merlin - Crab",002,50,Amethyst,Common,"$0.12","$0.91"
3,0,"Merlin - Goat",002,51,Amethyst,Uncommon,"$0.26","$8.63"
1,0,"Merlin - Rabbit",002,52,Amethyst,Rare,"$2.16","$19.91"
0,1,"Merlin - Shapeshifter",002,53,Amethyst,Rare,"$0.17","$0.20"
2,0,"Merlin - Squirrel",002,54,Amethyst,Common,"$0.06","$0.19"
0,0,"Peter Pan's Shadow - Not Sewn On",002,55,Amethyst,Super Rare,"$0.37","$1.32"
0,0,"Pinocchio - Star Attraction",002,56,Amethyst,Rare,"$1.76","$3.50"
0,0,"Pinocchio - On the Run",002,57,Amethyst,Uncommon,"$0.07","$0.34"
0,0,"Pinocchio - Talkative Puppet",002,58,Amethyst,Uncommon,"$0.14","$0.78"
1,0,"Winnie the Pooh - Hunny Wizard",002,59,Amethyst,Common,"$0.10","$0.45"
0,0,"Yzma - Scary Beyond All Reason",002,60,Amethyst,Super Rare,"$0.56","$2.57"
0,0,"Yzma - Without Beauty Sleep",002,61,Amethyst,Uncommon,"$0.04","$0.28"
0,0,"Gruesome and Grim",002,62,Amethyst,Rare,"$0.20","$0.63"
2,0,"I'm Stuck!",002,63,Amethyst,Common,"$0.04","$0.25"
0,0,"Legend of the Sword in the Stone",002,64,Amethyst,Common,"$0.07","$0.15"
0,0,"Binding Contract",002,65,Amethyst,Uncommon,"$0.04","$0.24"
0,0,"Croquet Mallet",002,66,Amethyst,Common,"$0.05","$0.18"
0,0,"Perplexing Signposts",002,67,Amethyst,Rare,"$0.17","$0.55"
0,0,"The Sorcerer's Spellbook",002,68,Amethyst,Rare,"$0.63","$2.12"
0,0,"Arthur - Trained Swordsman",002,69,Emerald,Common,"$0.07","$0.19"
0,0,"Beast - Relentless",002,70,Emerald,Legendary,"$4.57","$12.40"
0,0,"Belle - Bookworm",002,71,Emerald,Uncommon,"$0.09","$0.40"
0,0,"Belle - Hidden Archer",002,72,Emerald,Legendary,"$4.08","$12.83"
0,0,"Bucky - Squirrel Squeak Tutor",002,73,Emerald,Uncommon,"$0.15","$0.99"
0,0,"Cheshire Cat - Always Grinning",002,74,Emerald,Uncommon,"$0.10","$0.30"
0,0,"Cheshire Cat - From the Shadows",002,75,Emerald,Super Rare,"$0.40","$1.25"
0,0,"Daisy Duck - Secret Agent",002,76,Emerald,Uncommon,"$0.15","$0.67"
0,0,"Donald Duck - Perfect Gentleman",002,77,Emerald,Uncommon,"$0.12","$0.66"
0,0,"Donald Duck - Sleepwalker",002,78,Emerald,Common,"$0.03","$0.22"
0,0,"Dr. Facilier - Fortune Teller",002,79,Emerald,Super Rare,"$0.23","$0.79"
0,0,"Enchantress - Unexpected Judge",002,80,Emerald,Common,"$0.10","$0.24"
1,0,"Flynn Rider - Confident Vagabond",002,81,Emerald,Common,"$0.07","$0.28"
0,0,"Flynn Rider - His Own Biggest Fan",002,82,Emerald,Rare,"$0.59","$1.46"
0,0,"Gaston - Scheming Suitor",002,83,Emerald,Common,"$0.07","$0.14"
0,0,"Little John - Loyal Friend",002,84,Emerald,Rare,"$0.13","$0.47"
0,0,"Lucifer - Cunning Cat",002,85,Emerald,Rare,"$0.31","$1.54"
0,0,"Pain - Underworld Imp",002,86,Emerald,Uncommon,"$0.07","$0.29"
0,0,"Panic - Underworld Imp",002,87,Emerald,Common,"$0.05","$0.19"
0,0,"Pete - Bad Guy",002,88,Emerald,Rare,"$0.25","$1.14"
0,0,"Prince John - Greediest of All",002,89,Emerald,Rare,"$4.37","$13.60"
0,0,"Queen of Hearts - Quick-Tempered",002,90,Emerald,Common,"$0.06","$0.20"
0,0,"Ratigan - Criminal Mastermind",002,91,Emerald,Common,"$0.06","$0.17"
0,0,"Ray - Easygoing Firefly",002,92,Emerald,Common,"$0.09","$0.23"
0,0,"The Queen - Disguised Peddler",002,93,Emerald,Super Rare,"$0.35","$1.44"
1,0,"Tiana - True Princess",002,94,Emerald,Uncommon,"$0.10","$0.37"
0,0,"Virana - Fang Chief",002,95,Emerald,Common,"$0.03","$0.17"
0,0,"Bibbidi Bobbidi Boo",002,96,Emerald,Rare,"$0.42","$2.38"
0,0,"Bounce",002,97,Emerald,Uncommon,"$0.09","$0.37"
3,0,"Hypnotize",002,98,Emerald,Common,"$0.09","$0.61"
3,0,"Improvise",002,99,Emerald,Common,"$0.05","$0.24"
0,0,"Pack Tactics",002,100,Emerald,Rare,"$0.30","$0.94"
0,0,"Ring the Bell",002,101,Emerald,Uncommon,"$0.10","$0.27"
0,0,"Ratigan's Marvelous Trap",002,102,Emerald,Rare,"$0.14","$0.55"
0,0,"Baloo - Fun-Loving Bear",002,103,Ruby,Common,"$0.04","$0.19"
0,0,"Boun - Precocious Entrepreneur",002,104,Ruby,Common,"$0.07","$0.18"
0,0,"Card Soldiers - Full Deck",002,105,Ruby,Uncommon,"$0.07","$0.32"
0,0,"Donald Duck - Not Again!",002,106,Ruby,Legendary,"$1.33","$6.42"
0,0,"Felicia - Always Hungry",002,107,Ruby,Common,"$0.06","$0.22"
0,0,"Fidget - Ratigan's Henchman",002,108,Ruby,Common,"$0.06","$0.14"
1,0,"Honest John - Not That Honest",002,109,Ruby,Rare,"$0.19","$0.53"
0,0,"Lady Tremaine - Imperious Queen",002,110,Ruby,Super Rare,"$1.10","$4.87"
0,0,"Lady Tremaine - Overbearing Matriarch",002,111,Ruby,Common,"$0.06","$0.20"
0,0,"Lumiere - Hotheaded Candelabra",002,112,Ruby,Rare,"$0.11","$0.55"
0,0,"Minnie Mouse - Stylish Surfer",002,113,Ruby,Uncommon,"$0.18","$0.99"
0,0,"Minnie Mouse - Wide-Eyed Diver",002,114,Ruby,Rare,"$0.19","$0.54"
1,0,"Minnie Mouse - Zipping Around",002,115,Ruby,Common,"$0.04","$0.16"
0,0,"Mother Gothel - Withered and Wicked",002,116,Ruby,Uncommon,"$0.15","$1.32"
1,0,"Mulan - Soldier in Training",002,117,Ruby,Common,"$0.07","$0.21"
0,0,"Namaari - Nemesis",002,118,Ruby,Super Rare,"$0.18","$0.51"
0,0,"Queen of Hearts - Impulsive Ruler",002,119,Ruby,Uncommon,"$0.26","$1.39"
0,0,"Queen of Hearts - Sensing Weakness",002,120,Ruby,Uncommon,"$0.20","$0.90"
0,0,"Ratigan - Very Large Mouse",002,121,Ruby,Rare,"$0.16","$0.59"
0,0,"Raya - Headstrong",002,122,Ruby,Common,"$0.06","$0.14"
0,0,"Raya - Leader of Heart",002,123,Ruby,Super Rare,"$0.25","$0.67"
1,0,"Raya - Warrior of Kumandra",002,124,Ruby,Uncommon,"$0.06","$0.28"
0,0,"Scar - Vicious Cheater",002,125,Ruby,Legendary,"$5.83","$21.97"
0,0,"Shere Khan - Menacing Predator",002,126,Ruby,Rare,"$0.99","$2.07"
0,0,"Tigger - One of a Kind",002,127,Ruby,Common,"$0.07","$0.20"
0,0,"Tuk Tuk - Wrecking Ball",002,128,Ruby,Rare,"$0.15","$0.29"
0,0,"Go the Distance",002,129,Ruby,Common,"$0.07","$0.25"
0,0,"Teeth and Ambitions",002,130,Ruby,Rare,"$0.50","$3.67"
0,0,"The Most Diabolical Scheme",002,131,Ruby,Uncommon,"$0.08","$0.32"
0,0,"What Did You Call Me?",002,132,Ruby,Common,"$0.07","$0.12"
0,0,"You Can Fly!",002,133,Ruby,Uncommon,"$0.07","$0.26"
0,0,"Dinner Bell",002,134,Ruby,Rare,"$0.18","$0.52"
0,0,"Peter Pan's Dagger",002,135,Ruby,Common,"$0.06","$0.25"
1,0,"Sword in the Stone",002,136,Ruby,Uncommon,"$0.08","$0.23"
0,0,"Alice - Growing Girl",002,137,Sapphire,Legendary,"$4.01","$11.27"
0,0,"Basil - Great Mouse Detective",002,138,Sapphire,Super Rare,"$0.19","$0.60"
2,0,"Basil - Of Baker Street",002,139,Sapphire,Common,"$0.06","$0.20"
0,0,"Basil - Perceptive Investigator",002,140,Sapphire,Common,"$0.07","$0.17"
0,0,"Caterpillar - Calm and Collected",002,141,Sapphire,Uncommon,"$0.14","$0.40"
0,0,"Cogsworth - Grandfather Clock",002,142,Sapphire,Super Rare,"$2.47","$10.99"
2,0,"Cogsworth - Talking Clock",002,143,Sapphire,Uncommon,"$0.08","$0.24"
3,0,"Cruella De Vil - Fashionable Cruiser",002,144,Sapphire,Common,"$0.05","$0.18"
0,0,"Cruella De Vil - Perfectly Wretched",002,145,Sapphire,Uncommon,"$0.10","$0.31"
2,0,"Duke Weaselton - Small-Time Crook",002,146,Sapphire,Common,"$0.03","$0.21"
1,1,"Gaston - Intellectual Powerhouse",002,147,Sapphire,Rare,"$0.19","$0.27"
0,0,"Grand Pabbie - Oldest and Wisest",002,148,Sapphire,Super Rare,"$0.36","$1.32"
1,0,"Hiram Flaversham - Toymaker",002,149,Sapphire,Rare,"$2.23","$20.83"
0,0,"James - Role Model",002,150,Sapphire,Common,"$0.04","$0.26"
1,0,"Jasmine - Heir of Agrabah",002,151,Sapphire,Common,"$0.07","$0.24"
2,0,"Judy Hopps - Optimistic Officer",002,152,Sapphire,Uncommon,"$0.11","$0.72"
0,0,"Mrs. Judson - Housekeeper",002,153,Sapphire,Rare,"$0.15","$0.56"
0,0,"Nick Wilde - Wily Fox",002,154,Sapphire,Uncommon,"$0.17","$0.49"
0,0,"Noi - Orphaned Thief",002,155,Sapphire,Rare,"$0.27","$0.78"
3,0,"Owl - Logical Lecturer",002,156,Sapphire,Common,"$0.04","$0.19"
0,0,"Prince Charming - Heir to the Throne",002,157,Sapphire,Rare,"$0.22","$0.58"
0,0,"Rabbit - Reluctant Host",002,158,Sapphire,Common,"$0.07","$0.16"
0,0,"Sisu - Divine Water Dragon",002,159,Sapphire,Legendary,"$1.67","$5.62"
4,0,"The Nokk - Water Spirit",002,160,Sapphire,Common,"$0.02","$0.16"
1,0,"Winnie the Pooh - Having a Think",002,161,Sapphire,Rare,"$0.22","$1.46"
0,0,"Falling Down the Rabbit Hole",002,162,Sapphire,Rare,"$0.20","$0.68"
2,0,"Four Dozen Eggs",002,163,Sapphire,Uncommon,"$0.06","$0.32"
3,0,"Launch",002,164,Sapphire,Uncommon,"$0.05","$0.23"
0,0,"Nothing to Hide",002,165,Sapphire,Common,"$0.06","$0.21"
2,0,"Fang Crossbow",002,166,Sapphire,Uncommon,"$0.05","$0.39"
2,0,"Gumbo Pot",002,167,Sapphire,Common,"$0.05","$0.18"
0,0,"Maurice's Workshop",002,168,Sapphire,Rare,"$0.40","$3.18"
3,0,"Pawpsicle",002,169,Sapphire,Common,"$0.24","$5.16"
0,0,"Sardine Can",002,170,Sapphire,Uncommon,"$0.08","$0.30"
2,1,"Beast - Forbidding Recluse",002,171,Steel,Common,"$0.05","$0.21"
1,0,"Beast - Selfless Protector",002,172,Steel,Super Rare,"$0.22","$0.92"
0,0,"Beast - Tragic Hero",002,173,Steel,Legendary,"$43.60","$73.53"
4,0,"Benja - Guardian of the Dragon Gem",002,174,Steel,Common,"$0.04","$0.54"
0,0,"Chief Bogo - Respected Officer",002,175,Steel,Rare,"$0.34","$1.56"
2,0,"Cinderella - Knight in Training",002,176,Steel,Common,"$0.11","$0.24"
0,0,"Cinderella - Stouthearted",002,177,Steel,Super Rare,"$2.86","$5.40"
0,0,"Donald Duck - Deep-Sea Diver",002,178,Steel,Common,"$0.04","$0.16"
2,0,"Eli La Bouff - Big Daddy",002,179,Steel,Uncommon,"$0.03","$0.19"
0,0,"Goofy - Knight for a Day",002,180,Steel,Rare,"$0.30","$0.98"
0,0,"Hercules - Divine Hero",002,181,Steel,Rare,"$0.47","$1.70"
2,0,"Hercules - Hero in Training",002,182,Steel,Common,"$0.05","$0.28"
0,0,"Jafar - Dreadnought",002,183,Steel,Uncommon,"$0.28","$1.72"
0,0,"Jafar - Royal Vizier",002,184,Steel,Common,"$0.08","$0.31"
1,0,"Kronk - Junior Chipmunk",002,185,Steel,Rare,"$0.11","$0.53"
2,0,"Lawrence - Jealous Manservant",002,186,Steel,Uncommon,"$0.10","$1.83"
0,0,"Li Shang - Archery Instructor",002,187,Steel,Uncommon,"$0.09","$0.33"
0,0,"Magic Broom - Industrial Model",002,188,Steel,Common,"$0.09","$0.30"
0,0,"Namaari - Morning Mist",002,189,Steel,Legendary,"$1.45","$7.32"
1,0,"Pacha - Village Leader",002,190,Steel,Uncommon,"$0.04","$0.23"
3,0,"Prince Naveen - Penniless Royal",002,191,Steel,Common,"$0.04","$0.18"
0,0,"Queen of Hearts - Capricious Monarch",002,192,Steel,Rare,"$0.16","$0.54"
0,0,"Robin Hood - Capable Fighter",002,193,Steel,Uncommon,"$0.21","$0.77"
1,0,"The Huntsman - Reluctant Enforcer",002,194,Steel,Rare,"$0.10","$0.58"
2,0,"The Prince - Never Gives Up",002,195,Steel,Uncommon,"$0.12","$0.52"
0,1,"Tiana - Celebrating Princess",002,196,Steel,Super Rare,"$0.20","$0.32"
3,0,"Tiana - Diligent Waitress",002,197,Steel,Common,"$0.04","$0.20"
0,0,"Charge!",002,198,Steel,Common,"$0.06","$0.18"
0,0,"Let the Storm Rage On",002,199,Steel,Common,"$0.67","$4.33"
0,0,"Pick a Fight",002,200,Steel,Uncommon,"$0.08","$0.28"
0,0,"Strength of a Raging Fire",002,201,Steel,Rare,"$6.13","$14.94"
2,0,"Last Cannon",002,202,Steel,Common,"$0.04","$0.18"
2,0,"Mouse Armor",002,203,Steel,Uncommon,"$0.06","$0.35"
0,0,"Weight Set",002,204,Steel,Rare,"$0.22","$0.74"
0,0,"Cinderella - Ballroom Sensation",002,205,Amber,Enchanted,"$269.49","$269.49"
0,0,"Snow White - Well Wisher",002,206,Amber,Enchanted,"$124.29","$124.29"
0,0,"Arthur - Wizard's Apprentice",002,207,Amethyst,Enchanted,"$67.04","$67.04"
0,0,"Madam Mim - Purple Dragon",002,208,Amethyst,Enchanted,"$50.17","$50.17"
0,0,"Pete - Bad Guy",002,209,Emerald,Enchanted,"$45.61","$45.61"
0,0,"Beast - Relentless",002,210,Emerald,Enchanted,"$70.80","$70.80"
0,0,"Lady Tremaine - Imperious Queen",002,211,Ruby,Enchanted,"$70.45","$70.45"
0,0,"Shere Khan - Menacing Predator",002,212,Ruby,Enchanted,"$65.00","$65.00"
0,0,"Alice - Growing Girl",002,213,Sapphire,Enchanted,"$136.81","$136.81"
0,0,"Sisu - Divine Water Dragon",002,214,Sapphire,Enchanted,"$63.40","$63.40"
0,0,"Hercules - Divine Hero",002,215,Steel,Enchanted,"$69.63","$69.63"
0,0,"Namaari - Morning Mist",002,216,Steel,Enchanted,"$47.42","$47.42"
0,0,"Baloo - von Bruinwald XIII",003,1,Amber,Rare,"$1.54","$3.62"
2,0,"Bernard - Brand-New Agent",003,002,Amber,Rare,"$0.11","$0.29"
0,0,"Chernabog - Evildoer",003,003,Amber,Super Rare,"$0.44","$1.94"
1,0,"Dalmatian Puppy - Tail Wagger",003,4,Amber,Common,"$0.57","$0.92"
1,0,"Dalmatian Puppy - Tail Wagger",003,4,Amber,Common,"$0.52","$0.87"
1,0,"Dalmatian Puppy - Tail Wagger",003,4,Amber,Common,"$0.52","$0.83"
1,0,"Dalmatian Puppy - Tail Wagger",003,4,Amber,Common,"$0.47","$0.92"
1,0,"Dalmatian Puppy - Tail Wagger",003,4,Amber,Common,"$0.55","$0.87"
2,0,"Joshua Sweet - The Doctor",003,005,Amber,Common,"$0.04","$0.20"
4,0,"Kida - Atlantean",003,006,Amber,Common,"$0.04","$0.39"
0,0,"Kida - Protector of Atlantis",003,007,Amber,Legendary,"$8.58","$12.70"
1,0,"Lucky - The 15th Puppy",003,008,Amber,Rare,"$0.15","$0.59"
0,0,"Minnie Mouse - Musical Artist",003,009,Amber,Rare,"$0.16","$0.50"
1,0,"Miss Bianca - Rescue Aid Society Agent",003,010,Amber,Common,"$0.05","$0.16"
2,0,"Mr. Snoops - Inept Businessman",003,011,Amber,Common,"$0.03","$0.17"
4,1,"Nani - Protective Sister",003,012,Amber,Uncommon,"$0.06","$0.32"
1,0,"Orville - Ace Pilot",003,013,Amber,Common,"$0.04","$0.21"
4,0,"Patch - Intimidating Pup",003,014,Amber,Common,"$0.02","$0.23"
0,0,"Perdita - Devoted Mother",003,015,Amber,Legendary,"$2.98","$6.90"
1,0,"Piglet - Pooh Pirate Captain",003,016,Amber,Super Rare,"$4.63","$7.32"
1,0,"Pluto - Determined Defender",003,017,Amber,Rare,"$0.17","$0.61"
3,0,"Pluto - Friendly Pooch",003,018,Amber,Uncommon,"$0.13","$0.61"
3,1,"Pongo - Determined Father",003,19,Amber,Super Rare,"$0.21","$0.38"
3,0,"Queen of Hearts - Wonderland Empress",003,020,Amber,Uncommon,"$0.08","$0.22"
6,0,"Rolly - Hungry Pup",003,021,Amber,Uncommon,"$0.04","$0.20"
3,0,"Tinker Bell - Generous Fairy",003,022,Amber,Uncommon,"$0.06","$0.27"
4,0,"Wendy Darling - Talented Sailor",003,023,Amber,Uncommon,"$0.07","$0.44"
1,0,"99 Puppies",003,024,Amber,Uncommon,"$0.08","$0.33"
4,0,"Boss's Orders",003,025,Amber,Common,"$0.04","$0.20"
4,0,"Heal What Has Been Hurt",003,26,Amber,Common,"$0.04","$0.29"
0,0,"Quick Patch",003,027,Amber,Common,"$0.04","$0.18"
0,0,"The Bare Necessities",003,028,Amber,Rare,"$1.62","$5.01"
2,0,"Cleansing Rainwater",003,029,Amber,Common,"$0.05","$0.22"
1,0,"Heart of Atlantis",003,030,Amber,Rare,"$0.21","$0.56"
1,0,"Wildcat's Wrench",003,031,Amber,Uncommon,"$0.05","$0.19"
3,0,"Never Land - Mermaid Lagoon",003,032,Amber,Common,"$0.05","$0.17"
1,0,"Pride Lands - Pride Rock",003,033,Amber,Rare,"$0.36","$1.60"
1,0,"Tiana's Palace - Jazz Restaurant",003,034,Amber,Uncommon,"$0.13","$0.27"
0,0,"Alice - Tea Alchemist",003,035,Amethyst,Super Rare,"$0.25","$0.74"
1,0,"Chernabog's Followers - Creatures of Evil",003,036,Amethyst,Uncommon,"$2.07","$4.60"
2,1,"Diablo - Faithful Pet",003,037,Amethyst,Common,"$0.07","$0.17"
0,0,"Genie - Supportive Friend",003,038,Amethyst,Super Rare,"$0.21","$0.81"
1,0,"Hydros - Ice Titan",003,039,Amethyst,Uncommon,"$0.10","$0.29"
1,0,"Iago - Pretty Polly",003,040,Amethyst,Common,"$0.05","$0.13"
0,0,"Jafar - Lamp Thief",003,041,Amethyst,Uncommon,"$0.08","$0.25"
0,0,"Jafar - Striking Illusionist",003,042,Amethyst,Legendary,"$4.43","$9.84"
2,0,"Lena Sabrewing - Rebellious Teenager",003,043,Amethyst,Common,"$0.08","$0.11"
1,0,"Magic Broom - Dancing Duster",003,044,Amethyst,Uncommon,"$0.12","$0.49"
1,0,"Magic Broom - Swift Cleaner",003,045,Amethyst,Common,"$0.09","$0.32"
1,0,"Magic Broom - The Big Sweeper",003,046,Amethyst,Common,"$0.09","$0.27"
1,0,"Magic Carpet - Flying Rug",003,047,Amethyst,Common,"$0.07","$0.26"
3,0,"Magica De Spell - Ambitious Witch",003,048,Amethyst,Common,"$0.04","$0.16"
0,0,"Magica De Spell - The Midas Touch",003,049,Amethyst,Super Rare,"$0.18","$0.67"
2,1,"Magica De Spell - Thieving Sorceress",003,050,Amethyst,Uncommon,"$0.06","$0.21"
0,1,"Maleficent - Mistress of All Evil",003,051,Amethyst,Legendary,"$1.91","$5.11"
1,0,"Mama Odie - Voice of Wisdom",003,052,Amethyst,Uncommon,"$0.08","$0.22"
0,0,"Pua - Potbellied Buddy",003,053,Amethyst,Common,"$0.05","$0.17"
0,0,"Rafiki - Mystical Fighter",003,054,Amethyst,Rare,"$0.75","$3.55"
1,0,"Stratos - Tornado Titan",003,055,Amethyst,Rare,"$0.21","$0.48"
2,0,"The Firebird - Force of Destruction",003,056,Amethyst,Common,"$0.04","$0.23"
4,0,"The Queen - Hateful Rival",003,057,Amethyst,Common,"$0.07","$0.14"
0,0,"Treasure Guardian - Protector of the Cave",003,058,Amethyst,Rare,"$0.17","$0.44"
0,1,"Ursula - Sea Witch",003,059,Amethyst,Rare,"$0.19","$0.52"
0,0,"Bestow a Gift",003,060,Amethyst,Common,"$0.05","$0.17"
1,0,"It Calls Me",003,061,Amethyst,Uncommon,"$0.06","$0.28"
1,0,"Last-Ditch Effort",003,062,Amethyst,Uncommon,"$0.06","$0.25"
0,0,"The Boss Is On A Roll",003,063,Amethyst,Rare,"$0.44","$0.89"
0,0,"The Lamp",003,064,Amethyst,Rare,"$0.17","$0.54"
0,0,"The Sorcerer's Hat",003,65,Amethyst,Rare,"$0.25","$0.86"
2,0,"Forbidden Mountain - Maleficent's Castle",003,66,Amethyst,Common,"$0.07","$0.16"
1,0,"The Queen's Castle - Mirror Chamber",003,067,Amethyst,Rare,"$7.65","$14.98"
1,0,"The Sorcerer's Tower - Wondrous Workspace",003,068,Amethyst,Uncommon,"$0.30","$0.80"
4,0,"Cubby - Mighty Lost Boy",003,069,Emerald,Common,"$0.02","$0.11"
1,0,"Cursed Merfolk - Ursula's Handiwork",003,070,Emerald,Rare,"$2.38","$4.65"
4,0,"Don Karnage - Prince of Pirates",003,071,Emerald,Common,"$0.07","$0.15"
3,0,"Flotsam - Riffraff",003,72,Emerald,Common,"$0.04","$0.18"
1,0,"Friar Tuck - Priest Of Nottingham",003,073,Emerald,Uncommon,"$0.09","$0.42"
0,0,"Helga Sinclair - Femme Fatale",003,074,Emerald,Super Rare,"$0.23","$0.69"
1,0,"Helga Sinclair - Vengeful Partner",003,075,Emerald,Rare,"$0.11","$0.34"
2,0,"Jetsam - Riffraff",003,76,Emerald,Common,"$0.03","$0.13"
3,0,"Kit Cloudkicker - Tough Guy",003,077,Emerald,Uncommon,"$0.12","$0.51"
0,0,"Lyle Tiberius Rourke - Cunning Mercenary",003,078,Emerald,Super Rare,"$0.48","$6.01"
0,0,"Milo Thatch - Clever Cartographer",003,079,Emerald,Common,"$0.04","$0.15"
0,0,"Milo Thatch - King of Atlantis",003,080,Emerald,Legendary,"$1.37","$2.96"
0,0,"Morph - Space Goo",003,081,Emerald,Rare,"$2.18","$5.76"
0,2,"Peter Pan - Lost Boy Leader",003,82,Emerald,Rare,"$0.14","$0.19"
1,0,"Prince John - Phony King",003,083,Emerald,Uncommon,"$0.08","$0.31"
2,0,"Robin Hood - Daydreamer",003,084,Emerald,Rare,"$0.21","$1.14"
0,0,"Shenzi - Hyena Pack Leader",003,085,Emerald,Super Rare,"$0.23","$0.49"
4,1,"Sir Hiss - Aggravating Asp",003,086,Emerald,Common,"$0.11","$0.25"
2,0,"Skippy - Energetic Rabbit",003,087,Emerald,Common,"$0.04","$0.14"
3,0,"Starkey - Devious Pirate",003,088,Emerald,Uncommon,"$0.05","$0.16"
0,1,"Stitch - Covert Agent",003,089,Emerald,Rare,"$0.17","$0.28"
0,0,"Ursula - Deceiver",003,90,Emerald,Uncommon,"$0.75","$3.81"
0,0,"Ursula - Deceiver of All",003,091,Emerald,Legendary,"$19.95","$27.19"
4,0,"Wildcat - Mechanic",003,092,Emerald,Uncommon,"$0.07","$0.27"
3,0,"Zazu - Steward of the Pride Lands",003,093,Emerald,Common,"$0.05","$0.14"
1,0,"Has Set My Heaaaaaaart . . .",003,094,Emerald,Uncommon,"$0.06","$0.23"
1,0,"I Will Find My Way",003,095,Emerald,Common,"$0.05","$0.18"
4,0,"Strike A Good Match",003,096,Emerald,Common,"$0.06","$0.31"
1,0,"Airfoil",003,097,Emerald,Common,"$0.03","$0.13"
0,0,"Robin's Bow",003,098,Emerald,Uncommon,"$0.10","$0.31"
1,0,"Starlight Vial",003,099,Emerald,Rare,"$0.14","$0.30"
3,0,"De Vil Manor - Cruella's Estate",003,100,Emerald,Common,"$0.03","$0.16"
1,0,"Fang - River City",003,101,Emerald,Rare,"$0.27","$1.10"
1,0,"Kuzco's Palace - Home of the Emperor",003,102,Emerald,Uncommon,"$0.10","$0.26"
0,0,"Ariel - Adventurous Collector",003,103,Ruby,Super Rare,"$0.20","$0.92"
3,0,"Billy Bones - Keeper of the Map",003,104,Ruby,Common,"$0.03","$0.11"
1,0,"Captain Hook - Master Swordsman",003,105,Ruby,Rare,"$0.18","$0.47"
4,0,"Della Duck - Unstoppable Mom",003,106,Ruby,Common,"$0.05","$0.18"
3,0,"HeiHei - Accidental Explorer",003,107,Ruby,Uncommon,"$0.05","$0.26"
0,0,"Hydra - Deadly Serpent",003,108,Ruby,Legendary,"$1.22","$3.54"
1,0,"Jim Hawkins - Space Traveler",003,109,Ruby,Legendary,"$7.97","$13.47"
1,0,"Jim Hawkins - Thrill Seeker",003,110,Ruby,Common,"$0.05","$0.16"
4,0,"Kakamora - Menacing Sailor",003,111,Ruby,Common,"$0.03","$0.13"
1,0,"Madame Medusa - The Boss",003,112,Ruby,Super Rare,"$2.17","$12.28"
3,0,"Maui - Soaring Demigod",003,113,Ruby,Uncommon,"$0.04","$0.13"
0,0,"Maui - Whale",003,114,Ruby,Rare,"$0.12","$0.36"
0,0,"Milo Thatch - Spirited Scholar",003,115,Ruby,Common,,
0,1,"Moana - Born Leader",003,116,Ruby,Rare,"$0.11","$0.24"
4,0,"Moana - Undeterred Voyager",003,117,Ruby,Common,"$0.05","$0.16"
1,1,"Nutsy - Vulture Henchman",003,118,Ruby,Common,"$0.04","$0.12"
1,1,"Peter Pan - Never Land Hero",003,119,Ruby,Common,"$0.06","$0.14"
0,0,"Peter Pan - Pirate's Bane",003,120,Ruby,Rare,"$0.19","$0.44"
1,0,"Prince Eric - Expert Helmsman",003,121,Ruby,Super Rare,"$0.31","$1.60"
1,0,"Scroop - Backstabber",003,122,Ruby,Uncommon,"$0.07","$0.18"
2,0,"Simba - Scrappy Cub",003,123,Ruby,Rare,"$0.27","$0.70"
1,0,"Slightly - Lost Boy",003,124,Ruby,Uncommon,"$0.05","$0.21"
1,0,"Stitch - Little Rocket",003,125,Ruby,Common,"$0.10","$0.19"
0,0,"Trigger - Not-So-Sharp Shooter",003,126,Ruby,Uncommon,"$0.05","$0.19"
5,0,"Webby Vanderquack - Enthusiastic Duck",003,127,Ruby,Common,"$0.04","$0.18"
0,0,"Divebomb",003,128,Ruby,Uncommon,"$0.08","$0.17"
0,0,"I've Got a Dream",003,129,Ruby,Uncommon,"$0.06","$0.24"
1,0,"On Your Feet! Now!",003,130,Ruby,Rare,"$0.14","$0.37"
3,0,"Voyage",003,131,Ruby,Common,"$0.04","$0.20"
2,0,"Maui's Fish Hook",003,132,Ruby,Rare,"$0.15","$0.93"
4,0,"Sumerian Talisman",003,133,Ruby,Uncommon,"$0.07","$0.25"
5,0,"Agrabah - Marketplace",003,134,Ruby,Common,"$0.07","$0.18"
3,0,"Jolly Roger - Hook's Ship",003,135,Ruby,Uncommon,"$0.08","$0.32"
0,0,"RLS Legacy - Solar Galleon",003,136,Ruby,Rare,"$0.45","$1.68"
2,0,"Audrey Ramirez - The Engineer",003,137,Sapphire,Rare,"$0.15","$0.41"
2,0,"Captain Amelia - First In Command",003,138,Sapphire,Common,"$0.03","$0.16"
4,0,"Dewey - Showy Nephew",003,139,Sapphire,Uncommon,"$0.06","$0.23"
2,0,"Flintheart Glomgold - Lone Cheater",003,140,Sapphire,Uncommon,"$0.06","$0.18"
2,0,"Genie - Cramped in the Lamp",003,141,Sapphire,Uncommon,"$0.08","$0.20"
3,0,"Gramma Tala - Keeper of Ancient Stories",003,142,Sapphire,Common,"$0.09","$0.78"
0,0,"Gramma Tala - Spirit of the Ocean",003,143,Sapphire,Legendary,"$1.89","$5.17"
1,0,"Gyro Gearloose - Gadget Whiz",003,144,Sapphire,Rare,"$0.11","$0.39"
2,0,"Huey - Savvy Nephew",003,145,Sapphire,Rare,"$0.12","$0.34"
0,0,"King Louie - Bandleader",003,146,Sapphire,Common,"$0.04","$0.14"
1,0,"Kit Cloudkicker - Navigator",003,147,Sapphire,Uncommon,"$0.05","$0.35"
1,0,"Kit Cloudkicker - Spunky Bear Cub",003,148,Sapphire,Common,"$0.06","$0.22"
4,1,"Louie - Chill Nephew",003,149,Sapphire,Common,"$0.05","$0.14"
4,0,"Maid Marian - Delightful Dreamer",003,150,Sapphire,Common,"$0.04","$0.18"
1,0,"Mama Odie - Mystical Maven",003,151,Sapphire,Rare,"$0.18","$0.50"
2,0,"Pluto - Mickey's Clever Friend",003,152,Sapphire,Common,"$0.05","$0.14"
2,0,"Rufus - Orphanage Cat",003,153,Sapphire,Common,"$0.04","$0.13"
1,1,"Scrooge McDuck - Richest Duck in the World",003,154,Sapphire,Super Rare,"$0.16","$0.38"
3,0,"Scrooge Mcduck - Uncle Moneybags",003,155,Sapphire,Uncommon,"$0.07","$0.31"
1,0,"The Queen - Mirror Seeker",003,156,Sapphire,Uncommon,"$0.07","$0.22"
1,1,"Tinker Bell - Very Clever Fairy",003,157,Sapphire,Super Rare,"$0.21","$0.33"
0,0,"Wendy Darling - Authority on Peter Pan",003,158,Sapphire,Super Rare,"$0.23","$0.54"
3,0,"Distract",003,159,Sapphire,Common,"$0.03","$0.09"
1,0,"Friend Like Me",003,160,Sapphire,Rare,"$0.17","$0.47"
0,0,"How Far I'll Go",003,161,Sapphire,Uncommon,"$0.19","$0.85"
3,0,"Repair",003,162,Sapphire,Common,"$0.04","$0.14"
1,0,"Aurelian Gyrosensor",003,163,Sapphire,Rare,"$0.18","$0.45"
0,0,"Heart of Te Fiti",003,164,Sapphire,Rare,"$0.17","$0.50"
1,0,"Lucky Dime",003,165,Sapphire,Legendary,"$13.79","$34.76"
1,0,"Scrooge's Top Hat",003,166,Sapphire,Uncommon,"$0.06","$0.21"
2,0,"Vault Door",003,167,Sapphire,Common,"$0.04","$0.12"
0,0,"Belle's House - Maurice's Workshop",003,168,Sapphire,Rare,"$0.20","$0.38"
2,0,"McDuck Manor - Scrooge's Mansion",003,169,Sapphire,Common,"$0.10","$0.55"
2,0,"Motunui - Island Paradise",003,170,Sapphire,Uncommon,"$0.06","$0.27"
3,0,"Chief Tui - Proud of Motunui",003,171,Steel,Common,"$0.04","$0.11"
1,0,"Eeyore - Overstuffed Donkey",003,172,Steel,Common,"$0.06","$0.33"
0,0,"Gustav The Giant - Terror of the Kingdom",003,173,Steel,Rare,"$0.21","$0.56"
2,0,"Hades - Hotheaded Ruler",003,174,Steel,Rare,"$0.18","$0.39"
2,0,"Helga Sinclair - Right-Hand Woman",003,175,Steel,Common,"$0.03","$0.16"
0,0,"John Silver - Greedy Treasure Seeker",003,176,Steel,Rare,"$0.41","$0.78"
4,0,"Kida - Royal Warrior",003,177,Steel,Common,"$0.07","$0.21"
0,0,"Little John - Resourceful Outlaw",003,178,Steel,Super Rare,"$0.25","$0.68"
0,0,"Little John - Robin's Pal",003,179,Steel,Uncommon,"$0.09","$0.22"
0,0,"Lythos - Rock Titan",003,180,Steel,Uncommon,"$0.09","$0.26"
2,1,"Mickey Mouse - Stalwart Explorer",003,181,Steel,Common,"$0.06","$0.15"
0,1,"Mickey Mouse - Trumpeter",003,182,Steel,Legendary,"$1.36","$3.98"
2,0,"Minnie Mouse - Funky Spelunker",003,183,Steel,Common,"$0.06","$0.16"
1,0,"Mr. Smee - Bumbling Mate",003,184,Steel,Uncommon,"$1.05","$6.36"
1,0,"Mufasa - Champion of the Pride Lands",003,185,Steel,Rare,"$0.12","$0.38"
2,0,"Nala - Fierce Friend",003,186,Steel,Uncommon,"$0.06","$0.17"
0,0,"Pyros - Lava Titan",003,187,Steel,Rare,"$0.19","$0.70"
2,1,"Razoul - Palace Guard",003,188,Steel,Common,"$0.05","$0.14"
3,0,"Robin Hood - Beloved Outlaw",003,189,Steel,Common,"$0.11","$1.58"
1,0,"Robin Hood - Champion of Sherwood",003,190,Steel,Legendary,"$35.85","$47.87"
1,0,"Sheriff of Nottingham - Corrupt Official",003,191,Steel,Super Rare,"$0.20","$0.67"
0,0,"Simba - Fighting Prince",003,192,Steel,Super Rare,"$0.27","$1.43"
2,0,"Simba - Rightful King",003,193,Steel,Uncommon,"$0.05","$0.23"
0,0,"Thaddeus E. Klang - Metallic Leader",003,194,Steel,Uncommon,"$0.04","$0.19"
0,0,"And Then Along Came Zeus",003,195,Steel,Rare,"$3.60","$7.94"
2,0,"Ba-boom!",003,196,Steel,Common,"$0.13","$0.69"
2,0,"Olympus Would Be That Way",003,197,Steel,Common,"$0.05","$0.17"
1,0,"Rise of the Titans",003,198,Steel,Uncommon,"$0.09","$0.70"
0,0,"Captain Hook's Rapier",003,199,Steel,Uncommon,"$0.07","$0.22"
0,0,"Gizmosuit",003,200,Steel,Common,"$0.03","$0.12"
1,0,"Map of Treasure Planet",003,201,Steel,Rare,"$0.23","$0.54"
0,0,"Maui's Place of Exile - Hidden Island",003,202,Steel,Rare,"$0.23","$0.49"
1,0,"Nottingham - Prince John's Castle",003,203,Steel,Common,"$0.07","$0.20"
1,0,"The Bayou - Mysterious Swamp",003,204,Steel,Uncommon,"$0.11","$0.31"
0,0,"Chernabog - Evildoer",003,205,Amber,Enchanted,"$78.01","$78.01"
0,0,"Kida - Protector of Atlantis",003,206,Amber,Enchanted,"$94.36","$94.36"
0,0,"Pride Lands - Pride Rock",003,207,Amber,Enchanted,"$41.94","$41.94"
0,0,"Jafar - Striking Illusionist",003,208,Amethyst,Enchanted,"$91.67","$91.67"
0,0,"Maleficent - Mistress of All Evil",003,209,Amethyst,Enchanted,"$55.88","$55.88"
0,0,"The Sorcerer's Hat",003,210,Amethyst,Enchanted,"$52.57","$52.57"
0,0,"Morph - Space Goo",003,211,Emerald,Enchanted,"$127.29","$127.29"
0,0,"Ursula - Deceiver of All",003,212,Emerald,Enchanted,"$196.01","$196.01"
0,0,"Kuzco's Palace - Home of the Emperor",003,213,Emerald,Enchanted,"$33.45","$33.45"
0,0,"Captain Hook - Master Swordsman",003,214,Ruby,Enchanted,"$54.26","$54.26"
0,0,"Peter Pan - Pirate's Bane",003,215,Ruby,Enchanted,"$71.36","$71.36"
0,0,"RLS Legacy - Solar Galleon",003,216,Ruby,Enchanted,"$45.43","$45.43"
0,0,"Gramma Tala - Spirit of the Ocean",003,217,Sapphire,Enchanted,"$49.94","$49.94"
0,0,"Scrooge McDuck - Richest Duck in the World",003,218,Sapphire,Enchanted,"$77.20","$77.20"
0,0,"Belle's House - Maurice's Workshop",003,219,Sapphire,Enchanted,"$36.02","$36.02"
0,0,"Mickey Mouse - Trumpeter",003,220,Steel,Enchanted,"$63.88","$63.88"
0,0,"Robin Hood - Champion of Sherwood",003,221,Steel,Enchanted,"$173.89","$173.89"
0,0,"And Then Along Came Zeus",003,222,Steel,Enchanted,"$135.04","$135.04"
0,0,"Piglet - Pooh Pirate Captain",003,223,Amber,Super Rare,"$8.84","$8.84"
3,1,"Agustin Madrigal - Clumsy Dad",004,001,Amber,Common,"$0.03","$0.14"
0,0,"Alma Madrigal - Family Matriarch",004,002,Amber,Rare,"$0.26","$0.67"
1,0,"Ariel - Singing Mermaid",004,003,Amber,Rare,"$0.21","$0.86"
0,0,"Cinderella - Melody Weaver",004,004,Amber,Legendary,"$1.38","$3.43"
1,0,"Cogsworth - Majordomo",004,005,Amber,Common,"$0.04","$0.14"
2,0,"Daisy Duck - Lovely Lady",004,006,Amber,Uncommon,"$0.06","$0.32"
2,0,"Daisy Duck - Musketeer Spy",004,007,Amber,Common,"$0.06","$0.25"
0,1,"Donald Duck - Musketeer Soldier",004,008,Amber,Uncommon,"$0.27","$1.96"
2,0,"Félix Madrigal - Fun-Loving Family Man",004,009,Amber,Uncommon,"$0.12","$0.24"
0,0,"Gaston - Despicable Dealer",004,010,Amber,Super Rare,"$0.32","$1.71"
0,0,"Golden Harp - Enchanter of the Land",004,011,Amber,Rare,"$0.18","$1.51"
0,0,"Goofy - Musketeer Swordsman",004,012,Amber,Rare,"$0.18","$0.44"
3,0,"Julieta Madrigal - Excellent Cook",004,013,Amber,Uncommon,"$0.12","$0.93"
0,0,"Max - Loyal Sheepdog",004,014,Amber,Common,"$0.06","$0.12"
4,0,"Mickey Mouse - Leader of the Band",004,015,Amber,Uncommon,"$0.04","$0.26"
0,0,"Mickey Mouse - Musketeer Captain",004,016,Amber,Legendary,"$1.32","$4.01"
0,0,"Minnie Mouse - Musketeer Champion",004,017,Amber,Super Rare,"$0.23","$0.86"
0,1,"Mirabel Madrigal - Gift of the Family",004,018,Amber,Super Rare,"$0.20","$0.32"
4,0,"Mirabel Madrigal - Prophecy Finder",004,019,Amber,Common,"$0.05","$0.15"
0,0,"Pluto - Rescue Dog",004,020,Amber,Common,"$0.03","$0.10"
3,0,"Prince Eric - Seafaring Prince",004,021,Amber,Common,"$0.05","$0.18"
0,0,"Prince Eric - Ursula's Groom",004,022,Amber,Uncommon,"$0.04","$0.32"
3,1,"Stitch - Alien Dancer",004,023,Amber,Common,"$0.06","$0.22"
1,0,"Ursula - Eric's Bride",004,024,Amber,Rare,"$0.28","$1.14"
1,0,"Ursula - Vanessa",004,025,Amber,Common,"$0.11","$0.64"
0,0,"Bruno's Return",004,026,Amber,Uncommon,"$0.09","$0.26"
6,0,"First Aid",004,027,Amber,Common,"$0.04","$0.12"
1,0,"Look At This Family",004,028,Amber,Rare,"$0.22","$0.82"
3,0,"Lost In The Woods",004,029,Amber,Uncommon,"$0.06","$0.25"
0,1,"Sign The Scroll",004,030,Amber,Uncommon,"$0.07","$0.21"
1,0,"Miracle Candle",004,031,Amber,Rare,"$0.23","$0.45"
1,0,"Record Player",004,032,Amber,Common,"$0.04","$0.15"
0,0,"Atlantica - Concert Hall",004,033,Amber,Common,"$0.05","$0.13"
1,0,"The Underworld - River Styx",004,034,Amber,Rare,"$0.20","$0.97"
5,0,"Antonio Madrigal - Animal Expert",004,035,Amethyst,Uncommon,"$0.05","$0.26"
0,0,"Belle - Accomplished Mystic",004,036,Amethyst,Super Rare,"$1.01","$5.96"
0,0,"Belle - Untrained Mystic",004,037,Amethyst,Common,"$0.07","$0.17"
0,1,"Bruno Madrigal - Out of the Shadows",004,038,Amethyst,Rare,"$0.13","$0.33"
2,0,"Bruno Madrigal - Undetected Uncle",004,039,Amethyst,Super Rare,"$0.96","$2.01"
2,0,"Camilo Madrigal - Prankster",004,040,Amethyst,Uncommon,"$0.08","$0.27"
4,0,"Dolores Madrigal - Easy Listener",004,041,Amethyst,Common,"$0.08","$0.36"
0,0,"Elsa - Storm Chaser",004,042,Amethyst,Rare,"$0.15","$0.67"
0,0,"Flotsam - Ursula's ""Baby""",004,043,Amethyst,Uncommon,"$0.06","$0.23"
1,0,"Flotsam & Jetsam - Entangling Eels",004,044,Amethyst,Uncommon,"$0.05","$0.27"
1,0,"Isabela Madrigal - Golden Child",004,045,Amethyst,Rare,"$0.27","$1.47"
0,0,"Jetsam - Ursula's ""Baby""",004,046,Amethyst,Common,"$0.07","$0.16"
5,0,"Luisa Madrigal - Magically Strong One",004,047,Amethyst,Common,"$0.07","$0.13"
0,0,"Magic Broom - Illuminary Keeper",004,048,Amethyst,Common,"$0.28","$2.65"
3,0,"Magic Broom - Lively Sweeper",004,049,Amethyst,Common,"$0.06","$0.17"
0,0,"Magical Maid - Feather Duster",004,050,Amethyst,Uncommon,"$0.05","$0.24"
4,0,"Marshmallow - Terrifying Snowman",004,051,Amethyst,Uncommon,"$0.03","$0.21"
0,0,"Mrs. Potts - Enchanted Teapot",004,052,Amethyst,Rare,"$0.18","$0.38"
2,0,"Pepa Madrigal - Weather Maker",004,053,Amethyst,Rare,"$0.07","$0.35"
0,1,"Peter Pan - Shadow Finder",004,054,Amethyst,Super Rare,"$0.33","$1.99"
1,0,"Pico - Helpful Toucan",004,055,Amethyst,Common,"$0.02","$0.12"
2,0,"Tick-Tock - Ever-Present Pursuer",004,056,Amethyst,Common,"$0.03","$0.19"
0,0,"Ursula - Mad Sea Witch",004,057,Amethyst,Uncommon,"$0.08","$0.48"
0,0,"Ursula - Sea Witch Queen",004,058,Amethyst,Legendary,"$8.04","$11.34"
0,0,"Yen Sid - Powerful Sorcerer",004,059,Amethyst,Legendary,"$6.59","$9.78"
2,0,"Poor Unfortunate Souls",004,060,Amethyst,Common,"$0.06","$0.19"
0,0,"Second Star To The Right",004,061,Amethyst,Rare,"$0.18","$0.66"
1,0,"Swing Into Action",004,062,Amethyst,Common,"$0.04","$0.11"
0,0,"Ursula's Plan",004,063,Amethyst,Uncommon,"$0.05","$0.25"
0,0,"Mystical Rose",004,064,Amethyst,Rare,"$0.14","$0.39"
0,0,"Rose Lantern",004,065,Amethyst,Common,"$0.03","$0.12"
0,0,"Triton's Trident",004,066,Amethyst,Uncommon,"$0.04","$0.16"
3,0,"Casa Madrigal - Casita",004,067,Amethyst,Common,"$0.10","$0.22"
1,0,"Ursula's Lair - Eye of the Storm",004,068,Amethyst,Rare,"$0.16","$0.48"
1,0,"Cri-Kee - Lucky Cricket",004,069,Emerald,Rare,"$0.47","$2.44"
0,0,"Diablo - Devoted Herald",004,070,Emerald,Legendary,"$30.32","$39.77"
2,0,"Diablo - Maleficent's Spy",004,071,Emerald,Common,"$0.11","$1.11"
0,0,"Gunther - Interior Designer",004,072,Emerald,Common,"$0.05","$0.10"
0,0,"Gus - Champion of Cheese",004,073,Emerald,Common,"$0.03","$0.15"
0,0,"Hades - Double Dealer",004,074,Emerald,Legendary,"$1.65","$4.42"
1,0,"HeiHei - Bumbling Rooster",004,075,Emerald,Uncommon,"$0.13","$0.45"
0,0,"Hera - Queen of the Gods",004,076,Emerald,Rare,"$0.15","$0.49"
0,0,"Jaq - Connoisseur of Climbing",004,077,Emerald,Common,"$0.06","$0.19"
0,0,"Jasmine - Desert Warrior",004,078,Emerald,Rare,"$0.20","$0.64"
1,0,"Megara - Captivating Cynic",004,079,Emerald,Common,"$0.05","$0.16"
1,0,"Megara - Liberated One",004,080,Emerald,Uncommon,"$0.07","$0.41"
0,0,"Pain - Immortal Sidekick",004,081,Emerald,Uncommon,"$0.04","$0.22"
1,0,"Panic - Immortal Sidekick",004,082,Emerald,Uncommon,"$0.05","$0.24"
0,0,"Pegasus - Cloud Racer",004,083,Emerald,Uncommon,"$0.18","$1.46"
1,0,"Pegasus - Gift for Hercules",004,084,Emerald,Common,"$0.10","$0.52"
0,0,"Pete - Born to Cheat",004,085,Emerald,Super Rare,"$0.12","$0.48"
0,0,"Pete - Rotten Guy",004,086,Emerald,Uncommon,"$0.05","$0.23"
1,0,"Prince Phillip - Vanquisher of Foes",004,087,Emerald,Super Rare,"$0.24","$0.81"
0,0,"Prince Phillip - Warden of the Woods",004,088,Emerald,Rare,"$0.23","$0.50"
0,0,"The Fates - Only One Eye",004,089,Emerald,Common,"$0.05","$0.12"
1,0,"The Muses - Proclaimers of Heroes",004,090,Emerald,Rare,"$0.92","$9.60"
4,1,"Tor - Florist",004,091,Emerald,Common,"$0.03","$0.09"
0,0,"Zeus - Mr. Lightning Bolts",004,092,Emerald,Super Rare,"$0.21","$0.75"
2,0,"Dodge!",004,093,Emerald,Common,"$0.03","$0.16"
1,0,"Make The Potion",004,094,Emerald,Common,"$0.04","$0.12"
0,0,"Under The Sea",004,095,Emerald,Rare,"$0.52","$5.33"
2,0,"Ursula's Trickery",004,096,Emerald,Uncommon,"$0.10","$0.27"
1,0,"We Don't Talk About Bruno",004,097,Emerald,Rare,"$1.69","$5.65"
0,0,"Hidden Inkcaster",004,098,Emerald,Common,"$0.08","$0.20"
1,0,"Signed Contract",004,099,Emerald,Uncommon,"$0.09","$0.28"
0,0,"Vision Slab",004,100,Emerald,Uncommon,"$0.10","$0.35"
0,0,"Hidden Cove - Tranquil Haven",004,101,Emerald,Common,"$0.08","$0.35"
0,0,"Ursula's Garden - Full of the Unfortunate",004,102,Emerald,Rare,"$0.24","$0.49"
0,0,"Beast - Wounded",004,103,Ruby,Uncommon,"$0.08","$0.36"
1,0,"Benja - Bold Uniter",004,104,Ruby,Common,"$0.03","$0.10"
4,0,"Fa Zhou - Mulan's Father",004,105,Ruby,Common,"$0.04","$0.10"
0,1,"Flynn Rider - Frenemy",004,106,Ruby,Super Rare,"$3.25","$9.58"
1,0,"Goofy - Super Goof",004,107,Ruby,Rare,"$0.73","$2.42"
0,0,"Hercules - Clumsy Kid",004,108,Ruby,Common,"$0.06","$0.21"
3,0,"Hercules - Daring Demigod",004,109,Ruby,Uncommon,"$0.08","$0.32"
2,0,"Khan - Beloved Steed",004,110,Ruby,Uncommon,"$0.04","$0.25"
1,0,"Li Shang - General's Son",004,111,Ruby,Common,"$0.03","$0.14"
0,0,"Li Shang - Valorous General",004,112,Ruby,Uncommon,"$0.07","$0.27"
0,0,"Lumiere - Fiery Friend",004,113,Ruby,Rare,"$0.30","$1.60"
0,0,"Mulan - Elite Archer",004,114,Ruby,Legendary,"$2.90","$5.18"
0,0,"Mulan - Enemy of Entanglement",004,115,Ruby,Uncommon,"$0.07","$0.31"
0,1,"Mulan - Injured Soldier",004,116,Ruby,Common,"$0.05","$0.34"
0,0,"Namaari - Heir of Fang",004,117,Ruby,Rare,"$0.11","$0.46"
0,0,"Nessus - River Guardian",004,118,Ruby,Uncommon,"$0.06","$0.26"
0,0,"Noi - Acrobatic Baby",004,119,Ruby,Super Rare,"$0.15","$0.48"
0,0,"Pegasus - Flying Steed",004,120,Ruby,Common,"$0.06","$0.27"
0,0,"Raya - Fierce Protector",004,121,Ruby,Super Rare,"$0.20","$0.67"
1,0,"Raya - Guardian of the Dragon Gem",004,122,Ruby,Common,"$0.05","$0.13"
1,0,"Sisu - Daring Visitor",004,123,Ruby,Uncommon,"$0.18","$3.46"
1,0,"Sisu - Emboldened Warrior",004,124,Ruby,Rare,"$2.93","$10.25"
0,0,"Sisu - Empowered Sibling",004,125,Ruby,Legendary,"$20.38","$29.22"
2,1,"Tong - Survivor",004,126,Ruby,Common,"$0.05","$0.13"
0,0,"Tuk Tuk - Lively Partner",004,127,Ruby,Rare,"$0.35","$1.26"
0,0,"A Pirate's Life",004,128,Ruby,Uncommon,"$0.12","$0.39"
1,0,"Be King Undisputed",004,129,Ruby,Rare,"$0.54","$2.39"
0,0,"Brawl",004,130,Ruby,Common,"$0.20","$2.29"
0,0,"Imperial Proclamation",004,131,Ruby,Rare,"$0.22","$0.67"
0,0,"Medallion Weights",004,132,Ruby,Uncommon,"$0.05","$0.38"
0,0,"The Plank",004,133,Ruby,Common,"$0.03","$0.14"
2,0,"Vitalisphere",004,134,Ruby,Common,"$0.07","$0.38"
0,0,"Snuggly Duckling - Disreputable Pub",004,135,Ruby,Rare,"$0.20","$0.70"
0,0,"Training Grounds - Impossible Pillar",004,136,Ruby,Common,"$0.04","$0.14"
4,0,"Anna - Braving the Storm",004,137,Sapphire,Common,"$0.08","$0.26"
0,1,"Anna - True-Hearted",004,138,Sapphire,Super Rare,"$0.49","$0.95"
0,0,"Ariel - Treasure Collector",004,139,Sapphire,Super Rare,"$0.72","$4.14"
0,0,"Aurora - Lore Guardian",004,140,Sapphire,Super Rare,"$0.33","$1.28"
4,0,"Aurora - Tranquil Princess",004,141,Sapphire,Common,"$0.06","$0.18"
0,0,"Dang Hu - Talon Chief",004,142,Sapphire,Rare,"$0.13","$0.35"
1,0,"Fa Li - Mulan's Mother",004,143,Sapphire,Common,"$0.03","$0.13"
2,0,"Flounder - Collector's Companion",004,144,Sapphire,Uncommon,"$0.04","$0.27"
1,0,"Hades - Meticulous Plotter",004,145,Sapphire,Uncommon,"$0.05","$0.26"
0,0,"Hans - Noble Scoundrel",004,146,Sapphire,Common,"$0.06","$0.15"
0,0,"Iduna - Caring Mother",004,147,Sapphire,Uncommon,"$0.05","$0.22"
0,0,"John Silver - Terror of the Realm",004,148,Sapphire,Rare,"$0.12","$0.31"
0,0,"Olaf - Carrot Enthusiast",004,149,Sapphire,Uncommon,"$0.05","$0.29"
0,0,"Olaf - Trusting Companion",004,150,Sapphire,Common,"$0.04","$0.13"
3,0,"Pascal - Inquisitive Pet",004,151,Sapphire,Common,"$0.03","$0.15"
1,0,"Prince Phillip - Gallant Defender",004,152,Sapphire,Rare,"$0.18","$0.52"
1,0,"Rapunzel - Appreciative Artist",004,153,Sapphire,Rare,"$0.15","$0.41"
0,0,"Scuttle - Expert on Humans",004,154,Sapphire,Uncommon,"$0.13","$1.11"
2,0,"Sisu - Wise Friend",004,155,Sapphire,Uncommon,"$0.05","$0.28"
0,0,"The Queen - Diviner",004,156,Sapphire,Legendary,"$3.83","$11.78"
2,0,"Transformed Chef - Castle Stove",004,157,Sapphire,Common,"$0.03","$0.16"
0,0,"Triton - Champion of Atlantica",004,158,Sapphire,Legendary,"$0.92","$2.80"
1,0,"Triton - Discerning King",004,159,Sapphire,Rare,"$0.20","$0.61"
0,0,"Triton - Young Prince",004,160,Sapphire,Uncommon,"$0.08","$0.27"
1,0,"Tuk Tuk - Curious Partner",004,161,Sapphire,Common,"$0.02","$0.09"
2,0,"Dig A Little Deeper",004,162,Sapphire,Uncommon,"$0.05","$0.48"
0,0,"Glean",004,163,Sapphire,Common,"$0.04","$0.15"
7,0,"Seldom All They Seem",004,164,Sapphire,Common,"$0.05","$0.13"
0,0,"Treasures Untold",004,165,Sapphire,Rare,"$0.18","$0.49"
2,0,"Field Of Ice",004,166,Sapphire,Rare,"$0.14","$0.47"
5,0,"Great Stone Dragon",004,167,Sapphire,Uncommon,"$0.17","$1.88"
0,1,"Ice Block",004,168,Sapphire,Common,"$0.08","$0.84"
0,0,"Ariel's Grotto - A Secret Place",004,169,Sapphire,Rare,"$0.18","$0.47"
1,0,"Winter Camp - Medical Tent",004,170,Sapphire,Common,"$0.06","$0.16"
1,0,"Aladdin - Brave Rescuer",004,171,Steel,Uncommon,"$0.09","$0.68"
5,0,"Aladdin - Resolute Swordsman",004,172,Steel,Common,"$0.04","$0.19"
0,0,"Arges - The Cyclops",004,173,Steel,Common,"$0.07","$0.20"
5,0,"Ariel - Determined Mermaid",004,174,Steel,Common,"$0.04","$0.20"
0,0,"Ariel - Sonic Warrior",004,175,Steel,Super Rare,"$0.50","$2.51"
2,0,"Beast - Thick-Skinned",004,176,Steel,Common,"$0.05","$0.11"
0,0,"Chi-Fu - Imperial Advisor",004,177,Steel,Uncommon,"$0.05","$0.22"
0,0,"Chien-Po - Imperial Soldier",004,178,Steel,Common,"$0.10","$0.29"
0,0,"Donald Duck - Buccaneer",004,179,Steel,Legendary,"$1.52","$3.90"
1,1,"Hercules - Beloved Hero",004,180,Steel,Rare,"$0.16","$0.44"
0,0,"LeFou - Opportunistic Flunky",004,181,Steel,Rare,"$0.14","$0.46"
6,0,"Li Shang - Imperial Captain",004,182,Steel,Uncommon,"$0.04","$0.27"
2,0,"Ling - Imperial Soldier",004,183,Steel,Uncommon,"$0.07","$0.22"
1,0,"Luisa Madrigal - Rock of the Family",004,184,Steel,Common,"$0.03","$0.16"
1,0,"Magic Broom - Aerial Cleaner",004,185,Steel,Common,"$0.07","$0.33"
0,0,"Magic Broom - Brigade Commander",004,186,Steel,Super Rare,"$0.41","$1.29"
0,1,"Mickey Mouse - Playful Sorcerer",004,187,Steel,Rare,"$0.90","$2.12"
4,0,"Mickey Mouse - Standard Bearer",004,188,Steel,Common,"$0.05","$0.28"
2,0,"Mulan - Armored Fighter",004,189,Steel,Uncommon,"$0.05","$0.25"
2,0,"Philoctetes - No-Nonsense Instructor",004,190,Steel,Rare,"$0.41","$1.36"
0,0,"Piglet - Sturdy Swordsman",004,191,Steel,Legendary,"$1.24","$3.79"
1,0,"Rajah - Royal Protector",004,192,Steel,Rare,"$0.11","$0.43"
0,0,"Raya - Unstoppable Force",004,193,Steel,Super Rare,"$0.13","$0.51"
0,0,"Yao - Imperial Soldier",004,194,Steel,Common,"$0.03","$0.15"
0,0,"Avalanche",004,195,Steel,Uncommon,"$0.14","$0.41"
0,0,"I Find 'Em, I Flatten 'Em",004,196,Steel,Uncommon,"$0.11","$0.70"
1,0,"One Last Hope",004,197,Steel,Rare,"$0.16","$0.57"
0,0,"The Mob Song",004,198,Steel,Uncommon,"$0.07","$0.22"
0,0,"Triton's Decree",004,199,Steel,Common,"$0.06","$0.18"
2,0,"Fortisphere",004,200,Steel,Common,"$0.15","$0.74"
3,0,"Imperial Bow",004,201,Steel,Uncommon,"$0.07","$0.23"
1,0,"RLS Legacy's Cannon",004,202,Steel,Rare,"$0.17","$0.46"
0,0,"The Wall - Border Fortress",004,203,Steel,Rare,"$0.26","$0.46"
3,1,"Thebes - The Big Olive",004,204,Steel,Common,"$0.06","$0.16"
0,0,"Cinderella - Melody Weaver",004,205,Amber,Enchanted,"$89.93","$89.93"
0,0,"Minnie Mouse - Musketeer Champion",004,206,Amber,Enchanted,"$69.73","$69.73"
0,0,"Look At This Family",004,207,Amber,Enchanted,"$54.03","$54.03"
0,0,"Ursula - Sea Witch Queen",004,208,Amethyst,Enchanted,"$65.64","$65.64"
0,0,"Yen Sid - Powerful Sorcerer",004,209,Amethyst,Enchanted,"$66.74","$66.74"
0,0,"Second Star To The Right",004,210,Amethyst,Enchanted,"$40.02","$40.02"
0,0,"Diablo - Devoted Herald",004,211,Emerald,Enchanted,"$195.76","$195.76"
0,0,"Jasmine - Desert Warrior",004,212,Emerald,Enchanted,"$65.54","$65.54"
0,0,"We Don't Talk About Bruno",004,213,Emerald,Enchanted,"$121.40","$121.40"
0,0,"Goofy - Super Goof",004,214,Ruby,Enchanted,"$77.28","$77.28"
0,0,"Sisu - Empowered Sibling",004,215,Ruby,Enchanted,"$126.13","$126.13"
0,0,"Snuggly Duckling - Disreputable Pub",004,216,Ruby,Enchanted,"$34.20","$34.20"
0,0,"Anna - True-Hearted",004,217,Sapphire,Enchanted,"$90.06","$90.06"
0,0,"The Queen - Diviner",004,218,Sapphire,Enchanted,"$70.97","$70.97"
0,0,"Ariel's Grotto - A Secret Place",004,219,Sapphire,Enchanted,"$32.80","$32.80"
0,0,"Ariel - Sonic Warrior",004,220,Steel,Enchanted,"$198.18","$198.18"
0,0,"Piglet - Sturdy Swordsman",004,221,Steel,Enchanted,"$62.42","$62.42"
0,0,"The Wall - Border Fortress",004,222,Steel,Enchanted,"$32.93","$32.93"
0,0,"Yen Sid - Powerful Sorcerer",004,223,Amethyst,Legendary,"$8.73","$8.73"
0,0,"Mulan - Elite Archer",004,224,Ruby,Legendary,"$4.86","$4.86"
0,0,"Mickey Mouse - Playful Sorcerer",004,225,Steel,Rare,"$4.27","$4.27"
0,0,"Koda - Talkative Cub",005,001,Amber,Rare,"$0.14","$0.46"
0,0,"Nala - Mischievous Cub",005,002,Amber,Uncommon,"$0.05","$0.22"
0,0,"Prince Naveen - Ukulele Player",005,003,Amber,Legendary,"$14.25","$23.12"
0,0,"Rutt - Northern Moose",005,004,Amber,Common,"$0.03","$0.13"
1,0,"Kenai - Big Brother",005,005,Amber,Common,"$0.04","$0.16"
0,0,"Vanellope von Schweetz - Sugar Rush Champ",005,006,Amber,Common,"$0.03","$0.21"
0,0,"Tuke - Northern Moose",005,007,Amber,Common,"$0.03","$0.19"
0,0,"Lilo - Junior Cake Decorator",005,008,Amber,Common,"$0.03","$0.23"
0,0,"Vanellope von Schweetz - Candy Mechanic",005,009,Amber,Common,"$0.04","$0.14"
1,0,"Fix-It Felix, Jr. - Trusty Builder",005,010,Amber,Common,"$0.04","$0.11"
0,0,"Gazelle - Pop Star",005,011,Amber,Common,"$0.04","$0.20"
0,0,"Fix-It Felix, Jr. - Niceland Steward",005,012,Amber,Uncommon,"$0.08","$0.28"
1,0,"Kristoff - Reindeer Keeper",005,013,Amber,Rare,"$0.13","$0.52"
0,0,"Mirabel Madrigal - Family Gatherer",005,014,Amber,Legendary,"$2.33","$4.64"
0,0,"Minnie Mouse - Drum Major",005,015,Amber,Super Rare,"$0.22","$1.07"
0,0,"Daisy Duck - Donald's Date",005,016,Amber,Super Rare,"$6.17","$12.94"
0,0,"Fix-It Felix, Jr. - Delighted Sightseer",005,017,Amber,Common,"$0.05","$0.16"
0,0,"Moana - Determined Explorer",005,018,Amber,Rare,"$0.21","$0.71"
0,0,"Vanellope von Schweetz - Sugar Rush Princess",005,019,Amber,Rare,"$0.20","$1.03"
1,0,"Alan-a-Dale - Rockin' Rooster",005,020,Amber,Uncommon,"$0.11","$0.92"
0,0,"Wreck-It Ralph - Admiral Underpants",005,021,Amber,Rare,"$0.18","$0.70"
0,0,"Maid Marian - Lady of the Lists",005,022,Amber,Uncommon,"$0.05","$0.18"
1,0,"Sven - Reindeer Steed",005,023,Amber,Uncommon,"$0.08","$0.52"
0,0,"Minnie Mouse - Compassionate Friend",005,024,Amber,Common,"$0.05","$0.15"
0,0,"Try Everything",005,025,Amber,Uncommon,"$0.05","$0.22"
2,0,"Healing Touch",005,026,Amber,Common,"$0.04","$0.14"
0,0,"Revive",005,027,Amber,Rare,"$0.19","$1.14"
0,0,"Blast From Your Past",005,028,Amber,Super Rare,"$0.15","$1.04"
0,0,"Invited to the Ball",005,029,Amber,Uncommon,"$0.09","$0.34"
0,0,"Healing Decanter",005,030,Amber,Common,"$0.04","$0.14"
0,0,"Queen's Sensor Core",005,031,Amber,Rare,"$0.46","$1.52"
1,0,"Amber Chromicon",005,032,Amber,Uncommon,"$0.08","$0.28"
0,0,"Rapunzel's Tower - Secluded Prison",005,033,Amber,Uncommon,"$0.15","$0.44"
0,0,"Pride Lands - Jungle Oasis",005,034,Amber,Rare,"$0.16","$0.81"
0,0,"Maleficent - Formidable Queen",005,035,Amethyst,Super Rare,"$0.16","$1.00"
2,0,"The Nokk - Mythical Spirit",005,036,Amethyst,Common,"$0.03","$0.17"
1,0,"Cogsworth - Illuminary Watchman",005,037,Amethyst,Common,"$0.08","$0.95"
1,0,"Merlin - Turtle",005,038,Amethyst,Common,"$0.06","$0.18"
2,0,"Archimedes - Exasperated Owl",005,039,Amethyst,Common,"$0.04","$0.21"
3,0,"Bruni - Fire Salamander",005,040,Amethyst,Uncommon,"$0.07","$0.49"
2,0,"Earth Giant - Living Mountain",005,041,Amethyst,Common,"$0.04","$0.14"
2,0,"Gale - Wind Spirit",005,042,Amethyst,Common,"$0.05","$0.14"
1,0,"White Rabbit - Royal Herald",005,043,Amethyst,Common,"$0.03","$0.16"
0,0,"Madam Mim - Elephant",005,044,Amethyst,Super Rare,"$0.71","$5.21"
0,0,"Luisa Madrigal - Entertaining Muscle",005,045,Amethyst,Rare,"$0.12","$0.37"
1,0,"Anna - Mystical Majesty",005,046,Amethyst,Rare,"$0.17","$1.26"
3,0,"Archimedes - Electrified Owl",005,047,Amethyst,Uncommon,"$0.10","$0.42"
1,1,"Elsa - The Fifth Spirit",005,048,Amethyst,Super Rare,"$3.99","$6.69"
0,1,"Genie - Main Attraction",005,049,Amethyst,Legendary,"$1.60","$6.51"
2,0,"Olaf - Happy Passenger",005,050,Amethyst,Rare,"$0.09","$0.40"
0,0,"Maleficent - Vexed Partygoer",005,051,Amethyst,Uncommon,"$0.06","$0.29"
0,0,"Monstro - Whale of a Whale",005,052,Amethyst,Uncommon,"$0.04","$0.26"
0,0,"Magica De Spell - Cruel Sorceress",005,053,Amethyst,Rare,"$0.19","$1.09"
2,0,"Maleficent - Vengeful Sorceress",005,054,Amethyst,Common,"$0.07","$0.18"
0,0,"Rafiki - Shaman Duelist",005,055,Amethyst,Rare,"$0.15","$0.77"
3,0,"Anna - Eager Acolyte",005,056,Amethyst,Common,"$0.06","$0.16"
2,0,"King of Hearts - Monarch of Wonderland",005,057,Amethyst,Uncommon,"$0.04","$0.21"
0,0,"Camilo Madrigal - Family Copycat",005,058,Amethyst,Legendary,"$1.12","$3.01"
4,0,"Hypnotic Strength",005,059,Amethyst,Common,"$0.05","$0.18"
2,0,"Finders Keepers",005,060,Amethyst,Uncommon,"$0.07","$0.54"
0,0,"We Know The Way",005,061,Amethyst,Rare,"$0.08","$0.60"
0,0,"Gathering Knowledge And Wisdom",005,062,Amethyst,Common,"$0.10","$0.65"
1,0,"Magical Aid",005,063,Amethyst,Uncommon,"$0.06","$0.23"
2,0,"Retrosphere",005,064,Amethyst,Common,"$0.04","$0.17"
0,0,"Half Hexwell Crown",005,065,Amethyst,Rare,"$0.08","$0.40"
0,0,"Amethyst Chromicon",005,066,Amethyst,Uncommon,"$0.15","$1.61"
0,0,"Elsa's Ice Palace - Place of Solitude",005,067,Amethyst,Rare,"$0.22","$0.95"
1,0,"The Library - A Gift for Belle",005,068,Amethyst,Uncommon,"$0.34","$5.36"
1,0,"Robin Hood - Timely Contestant",005,069,Emerald,Rare,"$0.21","$1.36"
2,0,"Shenzi - Scar's Accomplice",005,070,Emerald,Uncommon,"$0.05","$0.31"
3,0,"Little John - Camp Cook",005,071,Emerald,Uncommon,"$0.08","$0.25"
2,0,"Zazu - Advisor to Mufasa",005,072,Emerald,Common,"$0.03","$0.18"
3,0,"Ulf - Mime",005,073,Emerald,Common,"$0.02","$0.09"
3,0,"Ed - Laughing Hyena",005,074,Emerald,Common,"$0.04","$0.13"
1,0,"Flora - Good Fairy",005,075,Emerald,Common,"$0.03","$0.12"
0,0,"Merryweather - Good Fairy",005,076,Emerald,Common,"$0.04","$0.16"
3,0,"Robin Hood - Archery Contestant",005,077,Emerald,Common,"$0.07","$0.24"
0,0,"Fauna - Good Fairy",005,078,Emerald,Common,"$0.04","$0.22"
0,0,"Iago - Fake Flamingo",005,079,Emerald,Rare,"$0.13","$0.42"
0,0,"Banzai - Gluttonous Predator",005,080,Emerald,Rare,"$1.48","$5.43"
1,0,"Ed - Hysterical Partygoer",005,081,Emerald,Uncommon,"$0.05","$0.33"
0,0,"Scroop - Odious Mutineer",005,082,Emerald,Super Rare,"$0.14","$0.38"
0,0,"Prince Phillip - Swordsman of the Realm",005,083,Emerald,Super Rare,"$0.15","$0.56"
0,0,"Clarabelle - Light on Her Hooves",005,084,Emerald,Legendary,"$19.13","$28.73"
0,0,"Anna - Diplomatic Queen",005,085,Emerald,Legendary,"$9.08","$24.20"
0,0,"Clarabelle - Clumsy Guest",005,086,Emerald,Common,"$0.10","$0.51"
3,0,"Banzai - Taunting Hyena",005,087,Emerald,Common,"$0.04","$0.15"
3,0,"Robin Hood - Sneaky Sleuth",005,088,Emerald,Uncommon,"$0.09","$0.49"
0,0,"Mother Gothel - Conceited Manipulator",005,089,Emerald,Uncommon,"$0.11","$0.63"
0,0,"Clarabelle - Contented Wallflower",005,090,Emerald,Uncommon,"$0.12","$1.07"
1,0,"Shenzi - Head Hyena",005,091,Emerald,Rare,"$0.14","$0.44"
1,0,"Mother Gothel - Unwavering Schemer",005,092,Emerald,Super Rare,"$0.63","$3.54"
0,1,"Scar - Vengeful Lion",005,093,Emerald,Rare,"$0.18","$0.40"
3,0,"Hypnotic Deduction",005,094,Emerald,Common,"$0.05","$0.22"
3,0,"Night Howler Rage",005,095,Emerald,Common,"$0.04","$0.17"
1,0,"You're Welcome",005,096,Emerald,Uncommon,"$0.17","$3.11"
1,0,"Remember Who You Are",005,097,Emerald,Rare,"$0.22","$0.80"
0,0,"Prince John's Mirror",005,098,Emerald,Rare,"$0.30","$2.28"
1,0,"Obscurosphere",005,099,Emerald,Common,"$0.03","$0.16"
0,0,"Emerald Chromicon",005,100,Emerald,Uncommon,"$0.10","$0.71"
0,0,"Sherwood Forest - Outlaw Hideaway",005,101,Emerald,Rare,"$0.31","$1.23"
2,0,"Tropical Rainforest - Jaguar Lair",005,102,Emerald,Uncommon,"$0.06","$0.22"
2,0,"Taffyta Muttonfudge - Ruthless Rival",005,103,Ruby,Uncommon,"$0.05","$0.26"
0,1,"Wreck-It Ralph - Demolition Dude",005,104,Ruby,Rare,"$0.16","$0.63"
0,0,"Maximus - Team Champion",005,105,Ruby,Super Rare,"$0.38","$2.51"
2,0,"Turbo - Royal Hack",005,106,Ruby,Uncommon,"$0.06","$0.26"
0,0,"Donald Duck - Pie Slinger",005,107,Ruby,Legendary,"$2.15","$5.00"
2,0,"Rancis Fluggerbutter - Chocolate Charger",005,108,Ruby,Common,"$0.04","$0.15"
0,0,"Scar - Betrayer",005,109,Ruby,Uncommon,"$0.07","$0.32"
2,0,"Snowanna Rainbeau - Cool Competitor",005,110,Ruby,Common,"$0.04","$0.12"
2,0,"Daisy Duck - Spotless Food-Fighter",005,111,Ruby,Common,"$0.03","$0.21"
2,0,"Mickey Mouse - Enthusiastic Dancer",005,112,Ruby,Common,"$0.03","$0.13"
1,0,"Ratigan - Raging Rat",005,113,Ruby,Common,"$0.04","$0.16"
3,0,"Taffyta Muttonfudge - Crowd Favorite",005,114,Ruby,Common,"$0.04","$0.21"
0,0,"Denahi - Avenging Brother",005,115,Ruby,Rare,"$0.11","$0.30"
0,0,"Pete - Steamboat Rival",005,116,Ruby,Super Rare,"$0.16","$0.68"
2,0,"Taffyta Muttonfudge - Sour Speedster",005,117,Ruby,Uncommon,"$0.09","$0.40"
0,0,"Robin Hood - Sharpshooter",005,118,Ruby,Legendary,"$4.34","$10.10"
0,0,"Gaston - Pure Paragon",005,119,Ruby,Rare,"$0.21","$1.63"
0,0,"Pete - Pastry Chomper",005,120,Ruby,Common,"$0.04","$0.17"
1,0,"Arthur - Novice Sparrow",005,121,Ruby,Uncommon,"$0.05","$0.18"
4,0,"Donald Duck - Daisy's Date",005,122,Ruby,Common,"$0.04","$0.14"
0,0,"Ratigan - Party Crasher",005,123,Ruby,Rare,"$0.12","$0.60"
1,0,"Vanellope Von Schweetz - Random Roster Racer",005,124,Ruby,Rare,"$0.13","$0.76"
3,0,"Simba - Adventurous Successor",005,125,Ruby,Common,"$0.05","$0.18"
2,0,"Minnie Mouse - Dazzling Dancer",005,126,Ruby,Uncommon,"$0.05","$0.21"
1,0,"Break Free",005,127,Ruby,Common,"$0.03","$0.14"
0,0,"Evil Comes Prepared",005,128,Ruby,Common,"$0.04","$0.20"
0,0,"Don't Let The Frostbite Bite",005,129,Ruby,Rare,"$0.10","$0.33"
2,0,"Glimmer vs Glimmer",005,130,Ruby,Uncommon,"$0.06","$0.24"
0,0,"Who's With Me?",005,131,Ruby,Super Rare,"$0.14","$0.51"
0,0,"Potion of Might",005,132,Ruby,Common,"$0.03","$0.16"
1,0,"The Sword Released",005,133,Ruby,Rare,"$0.11","$0.86"
0,0,"Ruby Chromicon",005,134,Ruby,Uncommon,"$0.10","$1.10"
0,0,"Sugar Rush Speedway - Starting Line",005,135,Ruby,Rare,"$0.25","$0.74"
0,0,"Ratigan's Party - Seedy Back Room",005,136,Ruby,Uncommon,"$0.09","$0.28"
0,0,"King Candy - Sovereign of Sugar",005,137,Sapphire,Common,"$0.05","$0.23"
0,0,"Chaca - Impressive Daughter",005,138,Sapphire,Common,"$0.04","$0.14"
1,0,"The Queen - Cruelest of All",005,139,Sapphire,Common,"$0.05","$0.16"
0,0,"Scrooge McDuck - Afficionado of Antiquities",005,140,Sapphire,Rare,"$0.15","$0.75"
0,0,"Prince John - Opportunistic Briber",005,141,Sapphire,Common,"$0.04","$0.15"
0,0,"Merlin - Back from Bermuda",005,142,Sapphire,Common,"$0.03","$0.15"
0,0,"Pacha - Emperor's Guide",005,143,Sapphire,Uncommon,"$0.09","$0.68"
0,0,"The Queen - Fairest of All",005,144,Sapphire,Super Rare,"$0.23","$0.97"
0,1,"Sheriff Of Nottingham - Bushel Britches",005,145,Sapphire,Rare,"$0.26","$1.48"
1,0,"Chicha - Dedicated Mother",005,146,Sapphire,Rare,"$0.64","$2.06"
0,0,"Prince John - Gold Lover",005,147,Sapphire,Super Rare,"$0.37","$1.67"
0,0,"The Queen - Crown of the Council",005,148,Sapphire,Rare,"$0.16","$0.45"
1,0,"Kuzco - Selfish Emperor",005,149,Sapphire,Super Rare,"$0.49","$4.79"
0,0,"Mufasa - Ruler of Pride Rock",005,150,Sapphire,Legendary,"$10.83","$20.54"
0,0,"Ludwig Von Drake - Self-Proclaimed Genius",005,151,Sapphire,Uncommon,"$0.06","$0.29"
0,0,"Minnie Mouse - Quick-Thinking Inventor",005,152,Sapphire,Common,"$0.03","$0.22"
2,0,"Basil - Practiced Detective",005,153,Sapphire,Common,"$0.05","$0.20"
0,0,"King Candy - Sweet Abomination",005,154,Sapphire,Uncommon,"$0.07","$0.25"
0,0,"Donald Duck - Focused Flatfoot",005,155,Sapphire,Common,"$0.07","$0.66"
1,0,"Tanana - Wise Woman",005,156,Sapphire,Common,"$0.03","$0.17"
0,0,"Tipo - Growing Son",005,157,Sapphire,Uncommon,"$0.82","$8.25"
0,0,"Belle - Of the Ball",005,158,Sapphire,Rare,"$0.21","$0.92"
0,0,"Merlin - Intellectual Visionary",005,159,Sapphire,Legendary,"$3.62","$8.95"
0,0,"Vision of the Future",005,160,Sapphire,Common,"$0.09","$1.99"
0,0,"Royal Tantrum",005,161,Sapphire,Rare,"$0.11","$0.44"
0,0,"Ever as Before",005,162,Sapphire,Common,"$0.07","$0.17"
0,0,"Hide Away",005,163,Sapphire,Uncommon,"$0.10","$1.70"
1,0,"All Funned Out",005,164,Sapphire,Uncommon,"$0.06","$0.22"
1,0,"Medal of Heroes",005,165,Sapphire,Common,"$0.03","$0.17"
0,0,"Basil's Magnifying Glass",005,166,Sapphire,Rare,"$0.12","$0.47"
0,0,"Merlin's Carpetbag",005,167,Sapphire,Uncommon,"$0.06","$0.15"
1,0,"Sapphire Chromicon",005,168,Sapphire,Uncommon,"$0.05","$0.28"
0,0,"The Great Illuminary - Radiant Ballroom",005,169,Sapphire,Rare,"$0.18","$0.42"
0,0,"Merlin's Cottage - The Wizard's Home",005,170,Sapphire,Uncommon,"$0.09","$0.35"
0,0,"Stitch - Team Underdog",005,171,Steel,Uncommon,"$0.06","$0.26"
0,0,"Jafar - Tyrannical Hypnotist",005,172,Steel,Legendary,"$1.63","$4.19"
3,1,"Simba - Lost Prince",005,173,Steel,Common,"$0.05","$0.19"
2,0,"Rudy - Groove Disrupter",005,174,Steel,Common,"$0.04","$0.12"
4,0,"Royal Guard - Bovine Protector",005,175,Steel,Common,"$0.03","$0.14"
1,0,"Mickey Mouse - Food Fight Defender",005,176,Steel,Common,"$0.08","$0.37"
2,0,"Sleepy - Sluggish Knight",005,177,Steel,Uncommon,"$0.09","$0.34"
4,0,"Kronk - Unlicensed Investigator",005,178,Steel,Common,"$0.03","$0.16"
2,0,"HeiHei - Protective Rooster",005,179,Steel,Common,"$0.04","$0.20"
1,0,"Sneezy - Noisy Knight",005,180,Steel,Common,"$0.07","$0.17"
0,0,"Dopey - Knight Apprentice",005,181,Steel,Common,"$0.06","$0.17"
0,0,"Namaari - Resolute Daughter",005,182,Steel,Rare,"$0.14","$0.38"
0,0,"Snow White - Fair-Hearted",005,183,Steel,Super Rare,"$0.62","$1.31"
1,0,"Yzma - Unjustly Treated",005,184,Steel,Rare,"$0.12","$0.35"
0,1,"Kronk - Head of Security",005,185,Steel,Super Rare,"$0.10","$0.46"
0,0,"Grumpy - Skeptical Knight",005,186,Steel,Super Rare,"$0.41","$0.85"
0,0,"Pete - Wrestling Champ",005,187,Steel,Rare,"$0.10","$0.42"
0,0,"Sir Ector - Castle Lord",005,188,Steel,Rare,"$0.12","$0.37"
0,0,"Bashful - Adoring Knight",005,189,Steel,Uncommon,"$0.09","$0.36"
2,0,"Arthur - Wart",005,190,Steel,Uncommon,"$0.08","$0.20"
0,0,"Happy - Lively Knight",005,191,Steel,Common,"$0.09","$0.31"
3,0,"Simba - Son of Mufasa",005,192,Steel,Uncommon,"$0.08","$0.90"
0,0,"Doc - Bold Knight",005,193,Steel,Rare,"$2.52","$6.77"
0,0,"Arthur - King Victorious",005,194,Steel,Legendary,"$1.86","$5.68"
2,0,"Pete - Games Referee",005,195,Steel,Uncommon,"$0.72","$10.95"
1,0,"Tug-of-War",005,196,Steel,Rare,"$0.18","$0.42"
3,1,"When Will My Life Begin?",005,197,Steel,Common,"$0.04","$0.18"
0,0,"Duck for Cover!",005,198,Steel,Common,"$0.03","$0.20"
2,0,"Food Fight!",005,199,Steel,Uncommon,"$0.03","$0.19"
0,0,"Shield of Arendelle",005,200,Steel,Common,"$0.04","$0.16"
0,0,"Plate Armor",005,201,Steel,Rare,"$0.10","$0.29"
0,0,"Steel Chromicon",005,202,Steel,Uncommon,"$0.06","$0.24"
0,0,"Bad-Anon - Villain Support Center",005,203,Steel,Rare,"$0.13","$0.58"
0,0,"Seven Dwarfs' Mine - Secure Fortress",005,204,Steel,Uncommon,"$0.13","$0.59"
0,0,"Prince Naveen - Ukulele Player",005,205,Amber,Enchanted,"$150.42","$150.42"
0,0,"Vanellope von Schweetz - Sugar Rush Princess",005,206,Amber,Enchanted,"$80.04","$80.04"
0,0,"Revive",005,207,Amber,Enchanted,"$38.75","$38.75"
0,0,"Archimedes - Electrified Owl",005,208,Amethyst,Enchanted,"$56.82","$56.82"
0,0,"Olaf - Happy Passenger",005,209,Amethyst,Enchanted,"$76.38","$76.38"
0,0,"Finders Keepers",005,210,Amethyst,Enchanted,"$50.48","$50.48"
0,0,"Clarabelle - Light on Her Hooves",005,211,Emerald,Enchanted,"$127.54","$127.54"
0,0,"Scar - Vengeful Lion",005,212,Emerald,Enchanted,"$97.19","$97.19"
0,0,"You're Welcome",005,213,Emerald,Enchanted,"$95.30","$95.30"
0,0,"Donald Duck - Pie Slinger",005,214,Ruby,Enchanted,"$68.44","$68.44"
0,0,"Robin Hood - Sharpshooter",005,215,Ruby,Enchanted,"$99.13","$99.13"
0,0,"Ratigan's Party - Seedy Back Room",005,216,Ruby,Enchanted,"$29.50","$29.50"
0,0,"Mufasa - Ruler of Pride Rock",005,217,Sapphire,Enchanted,"$285.34","$285.34"
0,0,"King Candy - Sweet Abomination",005,218,Sapphire,Enchanted,"$50.82","$50.82"
0,0,"Royal Tantrum",005,219,Sapphire,Enchanted,"$42.23","$42.23"
0,0,"Snow White - Fair-Hearted",005,220,Steel,Enchanted,"$94.79","$94.79"
0,0,"Arthur - King Victorious",005,221,Steel,Enchanted,"$66.62","$66.62"
0,0,"Bad-Anon - Villain Support Center",005,222,Steel,Enchanted,"$29.91","$29.91"
0,0,"Half Hexwell Crown",005,223,Amethyst,Rare,"$0.96","$0.96"
0,0,"Dragon Fire",C1,P001,Ruby,Promo,"$44.28","$44.28"
0,0,"Let it Go",C1,P002,Sapphire,Promo,"$778.11","$778.11"
0,0,"Cinderella - Stouthearted",C1,P003,Steel,Promo,"$112.53","$1,091.66"
0,0,"Rapunzel - Gifted with Healing",C1,P004,Amber,Promo,"$109.91",
0,0,"Mickey Mouse - Brave Little Tailor",D23,P001,Ruby,Promo,"$65.22","$65.22"
0,0,"Cinderella - Stouthearted",D23,P002,Steel,Promo,"$50.06","$50.06"
0,0,"Ursula - Deceiver",D23,P003,Emerald,Promo,"$83.75","$83.75"
0,0,"Bruno Madrigal - Undetected Uncle",D23,P004,Amethyst,Promo,"$31.06","$31.06"
0,0,"Vanellope von Schweetz - Sugar Rush Princess",D23,P005,Amber,Promo,"$29.52","$29.52"
0,0,"Cinderella - Knight in Training",P1,P14,Steel,Promo,"$1.19","$1.19"
0,0,"Bucky - Squirrel Squeak Tutor",P1,P15,Emerald,Promo,"$3.15","$3.15"
0,0,"Minnie Mouse - Wide-Eyed Diver",P1,P16,Ruby,Promo,"$1.05","$1.05"
0,0,"Robin Hood - Capable Fighter",P1,P17,Steel,Promo,"$1.90","$1.90"
0,0,"Mickey Mouse - Friendly Face",P1,P18,Amber,Promo,"$5.70","$5.70"
0,0,"Elsa - Gloves Off",P1,P19,Amethyst,Promo,"$12.41","$12.41"
0,0,"Genie - Powers Unleashed",P1,P20,Emerald,Promo,"$3.89","$3.89"
0,0,"Stitch - Abomination",P1,P21,Ruby,Promo,"$9.76","$9.76"
0,0,"Maleficent - Uninvited",P1,P22,Sapphire,Promo,"$3.02","$3.02"
0,0,"Maui - Demigod",P1,P23,Steel,Promo,"$3.17","$3.17"
0,0,"Gaston - Arrogant Hunter",P1,P24,Ruby,Promo,"$42.75","$42.75"
0,0,"Kit Cloudkicker - Tough Guy",P1,P026,Emerald,Promo,"$1.62","$1.62"
0,0,"Jolly Roger - Hook's Ship",P1,P027,Ruby,Promo,"$0.70","$0.70"
0,0,"How Far I'll Go",P1,P028,Sapphire,Promo,"$3.02","$3.02"
0,0,"John Silver - Greedy Treasure Seeker",P1,P029,Steel,Promo,"$3.13","$3.13"
0,0,"Stitch - Rock Star",P1,P30,Amber,Promo,"$344.73","$344.73"
0,0,"Rapunzel - Gifted Artist",P1,P31,Amber,Promo,"$53.47","$53.47"
0,0,"Pinocchio - Talkative Puppet",P1,P32,Amethyst,Promo,"$61.95","$61.95"
0,0,"Four Dozen Eggs",P1,P33,Sapphire,Promo,"$64.61","$64.61"
0,0,"Mickey Mouse - Leader of the Band",P1,P034,Amber,Promo,"$1.13","$1.13"
0,0,"Ursula's Lair - Eye of the Storm",P1,P035,Amethyst,Promo,"$0.66","$0.66"
0,0,"Hidden Inkcaster",P1,P036,Emerald,Promo,"$0.45","$0.45"
0,0,"Mulan - Enemy of Entanglement",P1,P037,Ruby,Promo,"$0.60","$0.60"
0,0,"Ursula - Sea Witch Queen",P1,P038,Amethyst,Promo,"$100.43","$100.43"
0,0,"Scrooge McDuck - Uncle Moneybags",P1,P039,Sapphire,Promo,"$7.37","$7.37"
0,0,"Flotsam & Jetsam - Entangling Eels",P1,P040,Amethyst,Promo,"$3.50","$3.50"
0,0,"Prince John - Gold Lover",P2,P001,Sapphire,Promo,"$32.73","$32.73"
0,0,"Kristoff - Reindeer Keeper",P2,P002,Amber,Promo,"$13.85","$13.85"
0,0,"Nala - Mischievous Cub",P2,P003,Amber,Promo,"$0.53","$0.53"
0,0,"Finders Keepers",P2,P004,Amethyst,Promo,"$1.03","$1.03"
0,0,"Chicha - Dedicated Mother",P2,P005,Sapphire,Promo,"$1.32","$1.32"
0,0,"Stitch - Team Underdog",P2,P006,Steel,Promo,"$1.63","$1.63"
0,0,"Mirabel Madrigal - Family Gatherer",P2,P007,Amber,Promo,,
